indic_nv	unit	geo	2013	2012	2011	2010	2009	2008	2007	2006	2005	2004	2003	2002	2001	2000
FEC_AGR	KTOE	AT	:	:	:	:	:	:	:	:	:	12868.45	10481.46	15059.59	10684.38	15264.39
FEC_AGR	KTOE	AT11	:	:	30.84	31.64	29.88	29.27	28.97	30.15	30.25	28.89	28.73	29.12	30.42	30.55
FEC_AGR	KTOE	AT12	:	:	160.55	168.98	159.34	156.9	156.42	158.8	163.91	159.97	159.94	155.83	159.61	155.94
FEC_AGR	KTOE	AT13	:	:	11.03	11.98	10.76	11.46	11.44	11.65	12.2	13.48	13.78	11.82	12.2	11.86
FEC_AGR	KTOE	AT21	:	:	45.49	47.23	44.92	44.33	42.87	43.82	44.94	44.23	43.63	42.87	44.36	43.46
FEC_AGR	KTOE	AT22	:	:	92.69	96.91	91.32	90.43	89.37	89.2	92.57	91.91	91.39	88.34	91.19	90.4
FEC_AGR	KTOE	AT31	:	:	120.61	129.23	120.43	124.15	120.62	116.5	119.88	123.03	120.15	115.53	117.54	111.2
FEC_AGR	KTOE	AT32	:	:	32.09	34.36	31.99	33.23	32.43	31.91	33.14	33.99	33.16	32.65	33.86	32.25
FEC_AGR	KTOE	AT33	:	:	36.35	39.29	36.44	35.92	35.26	34.74	36.26	37.74	37.11	37.68	39.4	38.23
FEC_AGR	KTOE	AT34	:	:	13.15	14.48	13.09	14.28	13.88	13.72	14.38	15.49	15.52	15.54	16.66	16.5
FEC_AGR	KTOE	BG	195	198	204	184	184	186	266	297	300	:	:	:	:	:
FEC_AGR	KTOE	BG31	33 p	33	35	31	33	31	44	49	50	:	:	:	:	:
FEC_AGR	KTOE	BG32	33 p	32	32	28	28	28	39	45	46	:	:	:	:	:
FEC_AGR	KTOE	BG33	31 p	32	33	29	29	27	36	43	44	:	:	:	:	:
FEC_AGR	KTOE	BG34	28 p	28	29	26	27	26	38	44	44	:	:	:	:	:
FEC_AGR	KTOE	BG41	27 p	28	28	28	27	29	44	46	47	:	:	:	:	:
FEC_AGR	KTOE	BG42	43 p	45	47	42	40	45	65	70	69	:	:	:	:	:
FEC_AGR	KTOE	CY	:	:	:	:	:	:	:	:	:	10	10	9	8	8
FEC_AGR	KTOE	CY00	:	:	:	:	:	:	:	:	:	10	10	9	8	8
FEC_AGR	KTOE	EE00	:	:	:	:	:	:	:	:	:	108	67	80	60	58
FEC_AGR	KTOE	ES	:	1706.079	558	563	626.001	848.002	861.999	866.002	854	:	:	:	:	:
FEC_AGR	KTOE	ES11	:	209.772	21.191	21.128	22.745	28.404	26.052	19.35	12.945	:	:	:	:	:
FEC_AGR	KTOE	ES12	:	7.313	1.716	1.735	1.942	2.687	2.494	1.392	1.211	:	:	:	:	:
FEC_AGR	KTOE	ES13	:	2.521	1.73	1.755	1.977	2.782	2.715	2.633	2.368	:	:	:	:	:
FEC_AGR	KTOE	ES21	:	38.928	2.88	2.911	3.254	4.327	4.235	3.564	4.046	:	:	:	:	:
FEC_AGR	KTOE	ES22	:	22.449	10.589	10.658	11.773	15.458	16.857	25.629	20.031	:	:	:	:	:
FEC_AGR	KTOE	ES23	:	7.898	2.262	2.282	2.536	3.452	2.782	2.384	2.604	:	:	:	:	:
FEC_AGR	KTOE	ES24	:	193.362	20.931	21.01	23.04	29.558	31.42	31.574	23.001	:	:	:	:	:
FEC_AGR	KTOE	ES30	:	32.162	3.935	3.983	4.468	6.222	30.471	31.981	24.785	:	:	:	:	:
FEC_AGR	KTOE	ES41	:	182.576	55.631	55.956	61.705	82.53	95.246	116.598	129.47	:	:	:	:	:
FEC_AGR	KTOE	ES42	:	109.216	99.649	101.053	113.865	160.147	85.351	88.621	98.29	:	:	:	:	:
FEC_AGR	KTOE	ES43	:	24.783	11.593	11.805	13.446	19.367	18.735	19.455	18.951	:	:	:	:	:
FEC_AGR	KTOE	ES51	:	224.957	73.68	74.284	82.432	109.48	118.492	107.223	82.647	:	:	:	:	:
FEC_AGR	KTOE	ES52	:	60.053	38.576	39.008	43.629	60.3	61.917	70.886	57.272	:	:	:	:	:
FEC_AGR	KTOE	ES53	:	9.179	4.476	4.551	5.161	7.34	7.045	6.681	5.783	:	:	:	:	:
FEC_AGR	KTOE	ES61	:	521.485	140.557	141.44	156.158	207.6	253.609	239.526	287.401	:	:	:	:	:
FEC_AGR	KTOE	ES62	:	45.308	56.055	56.662	63.312	87.371	85.951	82.383	68.065	:	:	:	:	:
FEC_AGR	KTOE	ES63	:	0	0.001	0.001	0.001	0.001	0.001	0.001	0.001	:	:	:	:	:
FEC_AGR	KTOE	ES64	:	0.01	0	0	0	0	0	0.003	0.003	:	:	:	:	:
FEC_AGR	KTOE	ES70	:	14.107	12.548	12.778	14.557	20.976	18.626	16.118	15.126	:	:	:	:	:
FEC_AGR	KTOE	FR	:	:	:	:	:	:	:	:	:	4025.08	:	4080.8	:	:
FEC_AGR	KTOE	FR10	:	:	:	:	:	:	:	:	:	70.34	:	67.78	:	:
FEC_AGR	KTOE	FR21	:	:	:	:	:	:	:	:	:	170.41	:	162.35	:	:
FEC_AGR	KTOE	FR22	:	:	:	:	:	:	:	:	:	157.5	:	158.76	:	:
FEC_AGR	KTOE	FR23	:	:	:	:	:	:	:	:	:	115.83	:	118.24	:	:
FEC_AGR	KTOE	FR24	:	:	:	:	:	:	:	:	:	276.62	:	292.65	:	:
FEC_AGR	KTOE	FR25	:	:	:	:	:	:	:	:	:	166.65	:	157.59	:	:
FEC_AGR	KTOE	FR26	:	:	:	:	:	:	:	:	:	159.56	:	148.48	:	:
FEC_AGR	KTOE	FR30	:	:	:	:	:	:	:	:	:	151.19	:	195.18	:	:
FEC_AGR	KTOE	FR41	:	:	:	:	:	:	:	:	:	119.88	:	115.11	:	:
FEC_AGR	KTOE	FR42	:	:	:	:	:	:	:	:	:	59.27	:	58.67	:	:
FEC_AGR	KTOE	FR43	:	:	:	:	:	:	:	:	:	56.95	:	55.98	:	:
FEC_AGR	KTOE	FR51	:	:	:	:	:	:	:	:	:	448.97	:	453.34	:	:
FEC_AGR	KTOE	FR52	:	:	:	:	:	:	:	:	:	647.98	:	650.14	:	:
FEC_AGR	KTOE	FR53	:	:	:	:	:	:	:	:	:	226.29	:	231.65	:	:
FEC_AGR	KTOE	FR61	:	:	:	:	:	:	:	:	:	264.05	:	291.53	:	:
FEC_AGR	KTOE	FR62	:	:	:	:	:	:	:	:	:	234.18	:	240.02	:	:
FEC_AGR	KTOE	FR63	:	:	:	:	:	:	:	:	:	67.31	:	66.17	:	:
FEC_AGR	KTOE	FR71	:	:	:	:	:	:	:	:	:	180.04	:	172.61	:	:
FEC_AGR	KTOE	FR72	:	:	:	:	:	:	:	:	:	123.13	:	121.06	:	:
FEC_AGR	KTOE	FR81	:	:	:	:	:	:	:	:	:	140.59	:	143.67	:	:
FEC_AGR	KTOE	FR82	:	:	:	:	:	:	:	:	:	177.65	:	169.57	:	:
FEC_AGR	KTOE	FR83	:	:	:	:	:	:	:	:	:	10.69	:	10.25	:	:
FEC_AGR	KTOE	HR	226.74	229.6	244.3	244.1	250	252.82	240.14	247.02	244.31	237.75	254.93	251.85	271.41	288.67
FEC_AGR	KTOE	HR03	39.07 e	39.57 e	42.1 e	42 e	43.1 e	43.54 e	41.35 e	42.54 e	42.07 e	40.94	43.9	43.37	46.74	49.71
FEC_AGR	KTOE	HR04	187.67 e	190.03 e	202.2 e	202.1 e	206.9 e	209.28 e	198.79 e	204.48 e	202.24 e	196.81	211.03	208.48	224.67	238.96
FEC_AGR	KTOE	HU10	:	:	:	:	:	:	:	:	:	43.78	41.35	46.18	47.96	38.86
FEC_AGR	KTOE	HU21	:	:	:	:	:	:	:	:	:	95.99	89.76	102.84	106.22	87.87
FEC_AGR	KTOE	HU22	:	:	:	:	:	:	:	:	:	61.69	57.61	68.62	70.94	61.1
FEC_AGR	KTOE	HU23	:	:	:	:	:	:	:	:	:	93.24	85.51	100.42	105.05	88.26
FEC_AGR	KTOE	HU31	:	:	:	:	:	:	:	:	:	73.66	70.39	79.84	81.44	68.22
FEC_AGR	KTOE	HU32	:	:	:	:	:	:	:	:	:	148.41	139.32	159.9	164.26	137.88
FEC_AGR	KTOE	HU33	:	:	:	:	:	:	:	:	:	168.26	159.37	178.96	165.27	150.93
FEC_AGR	KTOE	IE	:	73.62	275.75	284.39	299.47	325.58	353.88	348.16	368.6	366.13	370.97	324.08	323.04	316.93
FEC_AGR	KTOE	IE01	:	73.62	76.09	79.55	84.58	96.33	91.93	97.31	102.2	:	:	:	:	:
FEC_AGR	KTOE	IE02	:	199.66	204.84	214.89	229.25	261.95	250.85	266.4	280.69	:	:	:	:	:
FEC_AGR	KTOE	LT	105.3	110.7	111.2	111	104.5	117	120.3	114.3	105.3	104.9	103	101.9	100.4	98.4
FEC_AGR	KTOE	LT00	105.3	110.7	111.2	111	104.5	117	120.3	114.3	105.3	104.9	103	101.9	100.4	98.4
FEC_AGR	KTOE	LU	3485	3498	3516	3878	3742	3792	3849	3950	3904	3808.39	3596.72	3543.43	3168.82	2812.94
FEC_AGR	KTOE	LU00	25	25	25	29	30	26	25	23	22	21.77	21.31	19.46	20.14	17.55
FEC_AGR	KTOE	LV	155	148	155	155	140	131	156	153	153	:	:	:	:	:
FEC_AGR	KTOE	LV00	155	148	155	155	140	131	156	153	153	:	:	:	:	:
FEC_AGR	KTOE	MK00	22	26	26	27	18	23	23	31	36	:	:	:	:	:
FEC_AGR	KTOE	MT	2.37	2.33	2.44	4.66	4.32	3.71	3.67	3.14	2.98	0.58	0.57	0.52	0.57	0.52
FEC_AGR	KTOE	MT00	2.37	2.33	2.44	4.66	4.32	3.71	3.67	3.14	2.98	0.58	0.57	0.52	0.57	0.52
FEC_AGR	KTOE	PT20	30.49 p	28.56	28.3	32.3	28.86	26.25	20.69	:	:	:	:	:	:	:
FEC_AGR	KTOE	PT30	13.87 p	8.02	8.97	9.09	7.83	9.17	9.74	:	:	:	:	:	:	:
FEC_HH	KTOE	AT	:	:	:	:	:	:	:	:	:	0	0	0	0	0
FEC_HH	KTOE	AT11	:	:	251.43	274	248.05	251.26	250.05	278.44	274.11	246.12	254.74	261.35	281.06	269.78
FEC_HH	KTOE	AT12	:	:	1374.88	1530.2	1369.36	1351.54	1335.03	1377.21	1442.85	1346.6	1400.84	1384.76	1467.98	1378.71
FEC_HH	KTOE	AT13	:	:	1020.98	1099.47	1029.8	986.64	984.02	1044.95	1081.78	1018.78	1033.91	976.68	977.19	931.02
FEC_HH	KTOE	AT21	:	:	450.82	479.06	454.8	465.5	437.25	466.95	487.98	458	460.03	460.81	479.61	468.61
FEC_HH	KTOE	AT22	:	:	962.29	1033.86	959.18	965.79	941.17	995.7	1046.79	935.17	953.47	933.96	968.22	941.28
FEC_HH	KTOE	AT31	:	:	1058.57	1191.39	1083.77	1116.39	1062.59	1103.86	1151.15	1118.1	1144.42	1119.6	1153.69	1078.45
FEC_HH	KTOE	AT32	:	:	381.66	426.39	393.55	391.14	376.14	396.14	420.01	398.98	402.9	395.52	404.22	383.5
FEC_HH	KTOE	AT33	:	:	485.07	548.3	510.24	502.39	488.36	513.66	550.71	506.29	500.93	497.22	503.2	478.31
FEC_HH	KTOE	AT34	:	:	240.77	278.84	253.56	261.83	249.75	251.58	269.58	250.23	253.49	260.44	274.52	270.05
FEC_HH	KTOE	BG	2256	2377	2391	2261	2148	2125	2073	2183	2127	:	:	:	:	:
FEC_HH	KTOE	BG31	252	269	273	267	256	256	252	268	259	:	:	:	:	:
FEC_HH	KTOE	BG32	260	276	279	272	260	258	253	268	259	:	:	:	:	:
FEC_HH	KTOE	BG33	297	312	314	296	281	277	269	282	276	:	:	:	:	:
FEC_HH	KTOE	BG34	331	348	350	333	317	313	306	321	313	:	:	:	:	:
FEC_HH	KTOE	BG41	663	695	695	637	600	591	574	602	590	:	:	:	:	:
FEC_HH	KTOE	BG42	453	477	480	456	434	430	419	442	430	:	:	:	:	:
FEC_HH	KTOE	CY	:	:	:	:	:	:	:	:	:	199	207	191	172	174
FEC_HH	KTOE	CY00	:	:	:	:	:	:	:	:	:	199	207	191	172	174
FEC_HH	KTOE	CZ01	769.4 e	741.2 e	722.9 e	796.6 e	726.4 e	718.3 e	718.5 e	758.4 e	744.6 e	711.69 d	718.92 d	685.29 d	754.93 d	695.5 d
FEC_HH	KTOE	CZ02	797.2 e	763.7 e	741.1 e	809.2 e	736.1 e	721.9 e	719.1 e	750.6 e	733.4 e	693.5 d	698.34 d	663.91 d	712.69 d	651.26 d
FEC_HH	KTOE	CZ03	746.2 e	721 e	707.1 e	782.2 e	719.4 e	715.7 e	723.2 e	763 e	752.4 e	717.84 d	726.67 d	693.59 d	752.39 d	690.3 d
FEC_HH	KTOE	CZ04	696.4 e	675.2 e	663.3 e	735.3 e	678.9 e	679.2 e	685.9 e	727.1 e	719.5 e	686.98 d	695.4 d	663.46 d	723.16 d	663.34 d
FEC_HH	KTOE	CZ05	930.6 e	900.7 e	883.9 e	977.3 e	899.7 e	898 e	909.2 e	960.2 e	947.9 e	904.14 d	917.13 d	876.55 d	951.37 d	872.8 d
FEC_HH	KTOE	CZ06	1036.6 e	1001.8 e	981.8 e	1084.6 e	997.1 e	996 e	1007.9 e	1065.3 e	1052.8 e	1001.42 d	1014.35 d	970.42 d	1058.68 d	972.04 d
FEC_HH	KTOE	CZ07	756.1 e	732.8 e	720 e	797.9 e	736.1 e	738.8 e	751 e	795.5 e	787.6 e	749.91 d	760.96 d	728.01 d	791.9 d	726.85 d
FEC_HH	KTOE	CZ08	756.9 e	734.6 e	723.3 e	803.9 e	743.4 e	746.9 e	760.9 e	807.6 e	801 e	769.51 d	781.24 d	747.78 d	816.87 d	750.91 d
FEC_HH	KTOE	EE00	:	:	:	:	:	:	:	:	:	922	926	918	939	928
FEC_HH	KTOE	ES	:	13019.694	13208.999	13380.999	12397.999	11764.999	11752.001	11581	10633.999	:	:	:	:	:
FEC_HH	KTOE	ES11	:	637.592	1089.144	1095.095	1033.025	956.355	816.156	810.395	749.694	:	:	:	:	:
FEC_HH	KTOE	ES12	:	217.768	398.111	400.683	377.08	350.732	364.714	362.416	368.205	:	:	:	:	:
FEC_HH	KTOE	ES13	:	126.548	166.326	167.959	156.81	147.913	174.939	169.388	153.21	:	:	:	:	:
FEC_HH	KTOE	ES21	:	632.024	462.232	469.912	431.682	416.745	519.964	556.652	455.908	:	:	:	:	:
FEC_HH	KTOE	ES22	:	262.304	205.262	207.175	193.651	180.142	231.212	227.356	212.472	:	:	:	:	:
FEC_HH	KTOE	ES23	:	127.265	92.467	93.402	87.141	82.298	118.932	111.582	105.307	:	:	:	:	:
FEC_HH	KTOE	ES24	:	456.407	388.746	393.842	364.834	347.939	390.803	373.516	355.807	:	:	:	:	:
FEC_HH	KTOE	ES30	:	2105.787	1514.453	1540.925	1412.65	1368.796	1988.349	1925.056	1814.475	:	:	:	:	:
FEC_HH	KTOE	ES41	:	1003.011	910.461	916.599	862.03	801.706	959.247	928.086	892.673	:	:	:	:	:
FEC_HH	KTOE	ES42	:	637.558	645.971	654.429	606.25	578.296	512.726	476.945	428.265	:	:	:	:	:
FEC_HH	KTOE	ES43	:	254.685	327.486	330.156	309.461	290.07	231.025	226.464	192.838	:	:	:	:	:
FEC_HH	KTOE	ES51	:	2437.711	1978.782	2007.537	1853.386	1770.48	2280.618	2347.734	2167.166	:	:	:	:	:
FEC_HH	KTOE	ES52	:	1118.376	1333.138	1355.467	1244.795	1201.832	956.008	902.566	813.552	:	:	:	:	:
FEC_HH	KTOE	ES53	:	292.089	384.623	390.161	360.317	342.175	218.686	220.809	197.109	:	:	:	:	:
FEC_HH	KTOE	ES61	:	2108.497	2426.888	2457.971	2278.56	2135.871	1502.311	1471.7	1287.634	:	:	:	:	:
FEC_HH	KTOE	ES62	:	284.297	401.923	407.864	376.323	360.634	245.422	241.794	216.424	:	:	:	:	:
FEC_HH	KTOE	ES63	:	6.902	9.539	9.722	8.877	8.67	5.336	5.843	5.003	:	:	:	:	:
FEC_HH	KTOE	ES64	:	8.021	11.74	11.965	10.924	10.683	5.967	5.774	4.843	:	:	:	:	:
FEC_HH	KTOE	ES70	:	302.852	461.707	470.135	430.203	413.662	229.586	216.924	213.414	:	:	:	:	:
FEC_HH	KTOE	FR	:	:	:	:	:	:	:	:	:	46940.66	42495.01	43272.58	40526.58	45250.99
FEC_HH	KTOE	FR10	:	:	:	:	:	:	:	:	:	7854.27	7741.52	7182.06	7754.58	8236.28
FEC_HH	KTOE	FR21	:	:	:	:	:	:	:	:	:	1172.04	921.04	1140.47	937.21	1003.01
FEC_HH	KTOE	FR22	:	:	:	:	:	:	:	:	:	1278.97	1290.76	1266.74	1305.2	1392.35
FEC_HH	KTOE	FR23	:	:	:	:	:	:	:	:	:	1244.87	1235.01	1219.54	1249.78	1333.78
FEC_HH	KTOE	FR24	:	:	:	:	:	:	:	:	:	1976.91	1706.48	2000.98	1719.39	1831.21
FEC_HH	KTOE	FR25	:	:	:	:	:	:	:	:	:	1180.76	991.15	1096.2	1000.44	1066.48
FEC_HH	KTOE	FR26	:	:	:	:	:	:	:	:	:	1417.28	1113.31	1368.69	1128.42	1205.41
FEC_HH	KTOE	FR30	:	:	:	:	:	:	:	:	:	3211.78	2753.56	2539.54	2794.53	2987.98
FEC_HH	KTOE	FR41	:	:	:	:	:	:	:	:	:	2294.22	1597.76	1943.96	1619.52	1730.15
FEC_HH	KTOE	FR42	:	:	:	:	:	:	:	:	:	1428.91	1222.41	1413.75	1226.5	1303.42
FEC_HH	KTOE	FR43	:	:	:	:	:	:	:	:	:	1001.82	780.32	898.17	786.92	838.21
FEC_HH	KTOE	FR51	:	:	:	:	:	:	:	:	:	2536.79	2299.55	2185.89	2292.03	2428.28
FEC_HH	KTOE	FR52	:	:	:	:	:	:	:	:	:	2143.17	2067.08	2012.94	:	2188.08
FEC_HH	KTOE	FR53	:	:	:	:	:	:	:	:	:	1280.84	1158.45	1322.87	1160.89	1233.48
FEC_HH	KTOE	FR61	:	:	:	:	:	:	:	:	:	2718	2077.16	2455.98	2069.4	2192.27
FEC_HH	KTOE	FR62	:	:	:	:	:	:	:	:	:	1818.88	1837.18	1810.05	1822.37	1926.97
FEC_HH	KTOE	FR63	:	:	:	:	:	:	:	:	:	594.77	495.5	587.43	499.94	533.08
FEC_HH	KTOE	FR71	:	:	:	:	:	:	:	:	:	4466.8	4018.77	4209.5	4010.32	4251.57
FEC_HH	KTOE	FR72	:	:	:	:	:	:	:	:	:	1163.53	909.06	1062.09	919.1	980.75
FEC_HH	KTOE	FR81	:	:	:	:	:	:	:	:	:	1578.55	1665.42	1405.65	1643.85	1735.5
FEC_HH	KTOE	FR82	:	:	:	:	:	:	:	:	:	3018.16	3211.34	2767.27	3201.88	3394.3
FEC_HH	KTOE	FR83	:	:	:	:	:	:	:	:	:	280.43	191.67	226.69	188.07	197.71
FEC_HH	KTOE	FR91	:	:	:	:	:	:	:	:	:	313.62	298.76	287.34	299.33	317.58
FEC_HH	KTOE	FR92	:	:	:	:	:	:	:	:	:	281.9	269.05	258.94	269.97	286.68
FEC_HH	KTOE	FR93	:	:	:	:	:	:	:	:	:	138.26	126.94	117.49	117.77	121.09
FEC_HH	KTOE	FR94	:	:	:	:	:	:	:	:	:	545.13	515.76	492.35	509.17	535.37
FEC_HH	KTOE	HR	1717.95	1801.5	1871.9	1890.2	1809.9	1789.8	1718.96	1917.82	1989.83	1874.29	1859.24	1719.17	1657.39	1656.09
FEC_HH	KTOE	HR03	388.08 e	406.96	422.86 e	427 e	408.86 e	404.32 e	388.31 e	433.24 e	449.5 e	491.57	487.63	450.89	434.69	434.35
FEC_HH	KTOE	HR04	1329.87 e	1394.54	1449.04 e	1463.2 e	1401.04 e	1385.48 e	1330.65 e	1484.58 e	1540.33 e	1382.72	1371.61	1268.28	1222.7	1221.74
FEC_HH	KTOE	HU10	:	:	:	:	:	:	:	:	:	1941.94	2007.32	1789.97	1812.75	1704.25
FEC_HH	KTOE	HU21	:	:	:	:	:	:	:	:	:	652.66	669.34	589.47	597.15	536.74
FEC_HH	KTOE	HU22	:	:	:	:	:	:	:	:	:	569.1	571.86	502.68	498.44	455.52
FEC_HH	KTOE	HU23	:	:	:	:	:	:	:	:	:	533.31	541.68	476.73	480.07	444.98
FEC_HH	KTOE	HU31	:	:	:	:	:	:	:	:	:	692.35	728.81	653.25	631.9	604.53
FEC_HH	KTOE	HU32	:	:	:	:	:	:	:	:	:	692.35	728.81	653.25	631.9	604.53
FEC_HH	KTOE	HU33	:	:	:	:	:	:	:	:	:	878.55	945.72	821.55	788.62	746.38
FEC_HH	KTOE	IE	:	734.47	2761.21	2954.82	3218.28	3100.93	3081.78	2921.01	2961.58	2839.52	2715.95	2610.58	2638.95	2503.92
FEC_HH	KTOE	IE01	:	734.47	769.35	883.5	831.69	846.74	779.1	795.14	784.63	:	:	:	:	:
FEC_HH	KTOE	IE02	:	1991.86	2071.32	2386.59	2254.19	2302.68	2125.87	2176.95	2155.03	:	:	:	:	:
FEC_HH	KTOE	LT	1467.8	1535.1	1533.6	1594.2	1568.7	1551.6	1503.9	1569.7	1508.1	1482.7	1469.7	1444	1420.9	1367.3
FEC_HH	KTOE	LT00	1467.8	1535.1	1533.6	1594.2	1568.7	1551.6	1503.9	1569.7	1508.1	1482.7	1469.7	1444	1420.9	1367.3
FEC_HH	KTOE	LU	613	644	667	712	702	725	717	732	728	739.89	704.87	681.76	694.81	655.49
FEC_HH	KTOE	LU00	613	644	667	712	702	725	717	732	728	739.89	704.87	681.76	694.81	655.49
FEC_HH	KTOE	LV	1268	1377	1326	1389	1534	1452	1459	1480	1503	:	:	:	:	:
FEC_HH	KTOE	LV00	1268	1377	1326	1389	1534	1452	1459	1480	1503	:	:	:	:	:
FEC_HH	KTOE	MK00	453	523	543	537	542	508	478	503	486	:	:	:	:	:
FEC_HH	KTOE	MT	69.6	70.17	68.97	65.67	66.23	73.28	75.98	94.32	75.59	85.86	84.31	72.53	66.96	67.55
FEC_HH	KTOE	MT00	69.6	70.17	68.97	65.67	66.23	73.28	75.98	94.32	75.59	85.86	84.31	72.53	66.96	67.55
FEC_HH	KTOE	NL11	376.06 e	359.23 e	338.7 e	400.73 e	354.85 e	344.73 e	326.12 e	353.61 e	357.73 e	:	:	:	:	:
FEC_HH	KTOE	NL12	421.47 e	402.61 e	379.6 e	449.12 e	398.56 e	386.65 e	365.11 e	395.62 e	399.97 e	:	:	:	:	:
FEC_HH	KTOE	NL13	320.18 e	305.85 e	288.37 e	341.18 e	302.82 e	293.44 e	276.42 e	298.44 e	300.68 e	:	:	:	:	:
FEC_HH	KTOE	NL21	737.12 e	704.13 e	663.89 e	785.48 e	695.64 e	673.28 e	634.69 e	685.94 e	690.13 e	:	:	:	:	:
FEC_HH	KTOE	NL22	1303.55 e	1245.21 e	1174.05 e	1389.07 e	1230.69 e	1192.59 e	1125.15 e	1217.05 e	1226.71 e	:	:	:	:	:
FEC_HH	KTOE	NL23	252.95 e	241.63 e	227.82 e	269.54 e	237.01 e	227.65 e	212.87 e	228.33 e	227.59 e	:	:	:	:	:
FEC_HH	KTOE	NL31	796.18 e	760.55 e	717.09 e	848.41 e	748.45 e	722.18 e	676.89 e	726.91 e	728.61 e	:	:	:	:	:
FEC_HH	KTOE	NL32	1740.56 e	1662.67 e	1567.65 e	1854.75 e	1635.79 e	1578.7 e	1485.61 e	1605.68 e	1616.8 e	:	:	:	:	:
FEC_HH	KTOE	NL33	2286.08 e	2183.77 e	2058.98 e	2436.06 e	2151.98 e	2080.82 e	1964.32 e	2130.69 e	2151.32 e	:	:	:	:	:
FEC_HH	KTOE	NL34	248.72 e	237.59 e	224.02 e	265.04 e	235.49 e	228.79 e	216.32 e	234.2 e	236.37 e	:	:	:	:	:
FEC_HH	KTOE	NL41	1593.89 e	1522.55 e	1435.55 e	1698.45 e	1504.82 e	1457.67 e	1375.3 e	1488.24 e	1500.01 e	:	:	:	:	:
FEC_HH	KTOE	NL42	732.14 e	699.37 e	659.4 e	780.17 e	693.89 e	675.51 e	641.19 e	697.28 e	707.09 e	:	:	:	:	:
FEC_HH	KTOE	PT20	43.32 p	43.15	46.41	52.15	42.98	42.23	39.99	:	:	:	:	:	:	:
FEC_HH	KTOE	PT30	38.59 p	39.48	42.3	43.21	42.6	42.56	42.48	:	:	:	:	:	:	:
FEC_HH	KTOE	UK	:	:	:	:	40479.14	42892.3	44081.85	45069.24	45971.23	:	:	:	:	:
FEC_HH	KTOE	UKC1	:	:	:	:	800.44	857.26	886.84	910.26	932.22	:	:	:	:	:
FEC_HH	KTOE	UKC2	:	:	:	:	997.66	1074.76	1113.18	1142.51	1179.96	:	:	:	:	:
FEC_HH	KTOE	UKD1	:	:	:	:	367.58	384.5	393.72	402	410.63	:	:	:	:	:
FEC_HH	KTOE	UKD3	:	:	:	:	1695.72	1824.64	1899.18	1941.67	1993.64	:	:	:	:	:
FEC_HH	KTOE	UKD4	:	:	:	:	1000.07	1069.57	1106.16	1128.87	1154.64	:	:	:	:	:
FEC_HH	KTOE	UKD6	:	:	:	:	645.45	684.9	706.4	718.23	736.75	:	:	:	:	:
FEC_HH	KTOE	UKD7	:	:	:	:	971.04	1045.15	1088.51	1116.37	1155.92	:	:	:	:	:
FEC_HH	KTOE	UKE1	:	:	:	:	607.36	645.65	668.66	683	701.1	:	:	:	:	:
FEC_HH	KTOE	UKE2	:	:	:	:	568	595.2	604.87	616.45	628.03	:	:	:	:	:
FEC_HH	KTOE	UKE3	:	:	:	:	877.84	938.91	979.96	1008.93	1041.66	:	:	:	:	:
FEC_HH	KTOE	UKE4	:	:	:	:	1457.02	1549.45	1609.51	1643.65	1686.73	:	:	:	:	:
FEC_HH	KTOE	UKF1	:	:	:	:	1345.09	1436.57	1497.82	1522.31	1569.61	:	:	:	:	:
FEC_HH	KTOE	UKF2	:	:	:	:	1040.45	1108.77	1148.34	1167.48	1203.04	:	:	:	:	:
FEC_HH	KTOE	UKF3	:	:	:	:	430.16	452.27	468.5	476.15	479.25	:	:	:	:	:
FEC_HH	KTOE	UKG1	:	:	:	:	842.59	893.58	913.01	931.25	947.54	:	:	:	:	:
FEC_HH	KTOE	UKG2	:	:	:	:	1031.54	1095.42	1126.32	1155.65	1167.4	:	:	:	:	:
FEC_HH	KTOE	UKG3	:	:	:	:	1629.77	1747.57	1812.55	1854.93	1894.48	:	:	:	:	:
FEC_HH	KTOE	UKH1	:	:	:	:	1407.88	1471.76	1521.95	1551.77	1567.89	:	:	:	:	:
FEC_HH	KTOE	UKH2	:	:	:	:	1079.88	1140.16	1182.83	1194.55	1224.07	:	:	:	:	:
FEC_HH	KTOE	UKH3	:	:	:	:	1083.26	1144.47	1179.35	1203.74	1235.38	:	:	:	:	:
FEC_HH	KTOE	UKI1	:	:	:	:	1680.06	1774.25	1824.72	1849.17	1909.27	:	:	:	:	:
FEC_HH	KTOE	UKI2	:	:	:	:	2962.19	3148.88	3237.35	3285.69	3372.32	:	:	:	:	:
FEC_HH	KTOE	UKJ1	:	:	:	:	1465.29	1553.48	1601.58	1608.6	1634.56	:	:	:	:	:
FEC_HH	KTOE	UKJ2	:	:	:	:	1794.52	1897.7	1954.59	1986.6	2027.01	:	:	:	:	:
FEC_HH	KTOE	UKJ3	:	:	:	:	1145.07	1219.33	1251.12	1282.38	1302.53	:	:	:	:	:
FEC_HH	KTOE	UKJ4	:	:	:	:	1031.07	1087.83	1122.5	1136.34	1161.01	:	:	:	:	:
FEC_HH	KTOE	UKK1	:	:	:	:	1450.87	1535.64	1576.05	1610.36	1635.64	:	:	:	:	:
FEC_HH	KTOE	UKK2	:	:	:	:	824.99	869.54	884.99	914.9	927.04	:	:	:	:	:
FEC_HH	KTOE	UKK3	:	:	:	:	354.14	362.43	363.8	379	380.13	:	:	:	:	:
FEC_HH	KTOE	UKK4	:	:	:	:	701.87	732.51	744.85	773.88	789.57	:	:	:	:	:
FEC_HH	KTOE	UKL1	:	:	:	:	1388.61	1474.14	1485.89	1548.15	1562.19	:	:	:	:	:
FEC_HH	KTOE	UKL2	:	:	:	:	759.01	806.39	811.94	848.99	853.83	:	:	:	:	:
FEC_HH	KTOE	UKM2	:	:	:	:	1611.07	1706.68	1750.53	1750.06	1789.14	:	:	:	:	:
FEC_HH	KTOE	UKM3	:	:	:	:	1594.36	1693.64	1740.24	1755.01	1806.84	:	:	:	:	:
FEC_HH	KTOE	UKM5	:	:	:	:	357.67	374.75	379.44	384.08	384.95	:	:	:	:	:
FEC_HH	KTOE	UKM6	:	:	:	:	197.21	203.45	203.57	207.87	206.98	:	:	:	:	:
FEC_HH	KTOE	UKN0	:	:	:	:	1282.35	1291.12	1241.03	1378.41	1318.28	:	:	:	:	:
FEC_IND	KTOE	AT	:	:	:	:	:	:	:	:	:	0	0	0	0	0
FEC_IND	KTOE	AT11	:	:	191.42	190.77	166.01	148.92	121.44	130.69	115.59	97.56	89.26	82.94	77.8	64.17
FEC_IND	KTOE	AT12	:	:	1214.69	1273.95	1322.66	1312.6	1299.21	1277.57	1275.04	1217.28	1138.42	1161.19	1090.8	1042.52
FEC_IND	KTOE	AT13	:	:	273.86	331.01	369.96	315.03	312.22	326.99	326.88	332.36	284.17	246.65	263.61	263.78
FEC_IND	KTOE	AT21	:	:	634.69	603.64	558.04	659.4	659.71	626.38	563.95	564.2	548.13	514.2	507.05	418.84
FEC_IND	KTOE	AT22	:	:	1634.14	1608.05	1548.74	1610.39	1616.28	1623.98	1628.5	1492.36	1324.65	1339.91	1409.22	1471.34
FEC_IND	KTOE	AT31	:	:	2396.84	2424.32	2329.22	2463.96	2315.03	2277.32	2247.55	2135.73	2198.45	1936.99	1982.27	2001.11
FEC_IND	KTOE	AT32	:	:	441.52	479.45	467.73	471.7	461.7	442.78	438.82	372.46	334.45	304.26	278.77	258.61
FEC_IND	KTOE	AT33	:	:	470.31	494.96	470.62	479.73	496.81	507.42	531.93	488.42	437.39	406.92	400.89	383.74
FEC_IND	KTOE	AT34	:	:	196.53	217.35	234.17	198.59	199.36	201.4	201.07	195.03	162.19	153.28	171.25	153.71
FEC_IND	KTOE	BG	2579	2576	2694	2549	2443	3451	3831	3690	3651	:	:	:	:	:
FEC_IND	KTOE	BG31	265 p	215	224	202	180	290	351	331	345	:	:	:	:	:
FEC_IND	KTOE	BG32	245 p	239	234	211	218	301	358	349	345	:	:	:	:	:
FEC_IND	KTOE	BG33	253 p	288	291	269	237	413	446	416	363	:	:	:	:	:
FEC_IND	KTOE	BG34	462 p	457	437	458	408	560	612	645	699	:	:	:	:	:
FEC_IND	KTOE	BG41	865 p	914	1034	943	980	1321	1394	1296	1314	:	:	:	:	:
FEC_IND	KTOE	BG42	489 p	463	474	466	420	566	670	653	585	:	:	:	:	:
FEC_IND	KTOE	CY	:	:	:	:	:	:	:	:	:	446	442	423	426	441
FEC_IND	KTOE	CY00	:	:	:	:	:	:	:	:	:	446	442	423	426	441
FEC_IND	KTOE	EE00	:	:	:	:	:	:	:	:	:	672	670	558	631	571
FEC_IND	KTOE	ES	:	17300.357	15084.999	15231	15338	18921.999	20072	18427	23677.002	:	:	:	:	:
FEC_IND	KTOE	ES11	:	1172.943	1135.796	1128.731	1144.404	1401.124	1412.221	1273.214	1488.692	:	:	:	:	:
FEC_IND	KTOE	ES12	:	738.89	695.584	696.563	703.924	841.763	788.248	791.754	983.65	:	:	:	:	:
FEC_IND	KTOE	ES13	:	488.72	516.784	525.878	527.818	651.486	634.556	609.807	773.018	:	:	:	:	:
FEC_IND	KTOE	ES21	:	1472.879	1832.759	1854.169	1865.62	2309.414	2329.082	2010.81	3162.254	:	:	:	:	:
FEC_IND	KTOE	ES22	:	481.837	427.922	431.091	434.536	535.146	558.448	523.993	727.352	:	:	:	:	:
FEC_IND	KTOE	ES23	:	308.635	102.988	103.937	104.688	128.849	130.654	125.744	163.043	:	:	:	:	:
FEC_IND	KTOE	ES24	:	1079.153	984.114	992.393	999.899	1228.844	1198.791	1151.976	1161.556	:	:	:	:	:
FEC_IND	KTOE	ES30	:	614.75	774.598	787.848	790.916	976.069	913.958	986.241	1101.457	:	:	:	:	:
FEC_IND	KTOE	ES41	:	1162.068	875.058	884.283	890.171	1151.154	1214.497	1059.628	1388.84	:	:	:	:	:
FEC_IND	KTOE	ES42	:	873.118	753.687	761.557	766.66	943.784	1144.431	984.534	1354.295	:	:	:	:	:
FEC_IND	KTOE	ES43	:	185.781	139.51	140.714	141.765	174.445	155.949	149.066	166.077	:	:	:	:	:
FEC_IND	KTOE	ES51	:	3699.621	2769.449	2814.384	2826.381	3492.556	3831.658	3572.365	4469.25	:	:	:	:	:
FEC_IND	KTOE	ES52	:	1804.257	1955.896	1982.853	1993.341	2457.15	2608.335	2652.095	3610.573	:	:	:	:	:
FEC_IND	KTOE	ES53	:	21.489	36.413	36.613	36.935	45.361	48.116	37.268	38.481	:	:	:	:	:
FEC_IND	KTOE	ES61	:	2816.702	1786.539	1788.178	1807.452	2210.815	2670.243	2143.927	2587.869	:	:	:	:	:
FEC_IND	KTOE	ES62	:	330.37	255.433	258.567	260.1	320.472	381.5	304.245	437.459	:	:	:	:	:
FEC_IND	KTOE	ES63	:	0.738	0.221	0.225	0.226	0.279	0.242	0.212	0.248	:	:	:	:	:
FEC_IND	KTOE	ES64	:	1.074	0	0	0	0	0	0	0	:	:	:	:	:
FEC_IND	KTOE	ES70	:	47.332	42.248	43.016	43.164	53.288	51.071	50.121	62.888	:	:	:	:	:
FEC_IND	KTOE	FR	:	:	:	:	:	:	:	:	:	37357.68	:	40462.88	:	:
FEC_IND	KTOE	FR10	:	:	:	:	:	:	:	:	:	2338.99	:	1961.03	:	:
FEC_IND	KTOE	FR21	:	:	:	:	:	:	:	:	:	1182.44	:	1310.02	:	:
FEC_IND	KTOE	FR22	:	:	:	:	:	:	:	:	:	1887.78	:	1967.67	:	:
FEC_IND	KTOE	FR23	:	:	:	:	:	:	:	:	:	1956.35	:	2455.65	:	:
FEC_IND	KTOE	FR24	:	:	:	:	:	:	:	:	:	912.81	:	1212	:	:
FEC_IND	KTOE	FR25	:	:	:	:	:	:	:	:	:	499.47	:	490.51	:	:
FEC_IND	KTOE	FR26	:	:	:	:	:	:	:	:	:	651.45	:	814.82	:	:
FEC_IND	KTOE	FR30	:	:	:	:	:	:	:	:	:	6962.47	:	7157.69	:	:
FEC_IND	KTOE	FR41	:	:	:	:	:	:	:	:	:	3787.67	:	4473.19	:	:
FEC_IND	KTOE	FR42	:	:	:	:	:	:	:	:	:	1580.54	:	1831.58	:	:
FEC_IND	KTOE	FR43	:	:	:	:	:	:	:	:	:	733.76	:	880.48	:	:
FEC_IND	KTOE	FR51	:	:	:	:	:	:	:	:	:	1187.07	:	1386.07	:	:
FEC_IND	KTOE	FR52	:	:	:	:	:	:	:	:	:	915.85	:	996.11	:	:
FEC_IND	KTOE	FR53	:	:	:	:	:	:	:	:	:	540.93	:	809.65	:	:
FEC_IND	KTOE	FR61	:	:	:	:	:	:	:	:	:	1607.84	:	1520.43	:	:
FEC_IND	KTOE	FR62	:	:	:	:	:	:	:	:	:	837.32	:	1133.13	:	:
FEC_IND	KTOE	FR63	:	:	:	:	:	:	:	:	:	222.27	:	286.41	:	:
FEC_IND	KTOE	FR71	:	:	:	:	:	:	:	:	:	4153.21	:	4052.86	:	:
FEC_IND	KTOE	FR72	:	:	:	:	:	:	:	:	:	551.29	:	665.11	:	:
FEC_IND	KTOE	FR81	:	:	:	:	:	:	:	:	:	481.7	:	557.61	:	:
FEC_IND	KTOE	FR82	:	:	:	:	:	:	:	:	:	4361.8	:	4498.61	:	:
FEC_IND	KTOE	FR83	:	:	:	:	:	:	:	:	:	4.67	:	2.25	:	:
FEC_IND	KTOE	HR	1112.91	1142.9	1292.4	1380.9	1427.5	1705.08	1679.85	1718.56	1655.79	1580.26	1460.68	1408.64	1444.43	1390.9
FEC_IND	KTOE	HR03	507.84	513.23	552.17	509.12	515.96	528.79	520.96	532.97	513.5	490.08	452.99	436.85	447.95	431.35
FEC_IND	KTOE	HR04	605.07	629.67	740.23	871.78	911.54	1176.29	1158.89	1185.59	1142.29	1090.18	1007.69	971.79	996.48	959.55
FEC_IND	KTOE	HU10	:	:	:	:	:	:	:	:	:	639.68	431.86	542.27	545.61	496.7
FEC_IND	KTOE	HU21	:	:	:	:	:	:	:	:	:	1350.14	1453.88	1429.96	1348.18	1314.79
FEC_IND	KTOE	HU22	:	:	:	:	:	:	:	:	:	333.34	214.4	364.14	351.2	323.44
FEC_IND	KTOE	HU23	:	:	:	:	:	:	:	:	:	142.75	207.38	235.14	240.18	179.5
FEC_IND	KTOE	HU31	:	:	:	:	:	:	:	:	:	683.05	778.03	749.57	608.56	716.04
FEC_IND	KTOE	HU32	:	:	:	:	:	:	:	:	:	322.55	216	302.29	332.49	318.93
FEC_IND	KTOE	HU33	:	:	:	:	:	:	:	:	:	248.72	402.42	254.13	266.85	216.91
FEC_IND	KTOE	IE	:	594.8	2217.02	2236.72	2242.16	2278.36	2525.75	2612.72	2659.78	2581.26	2445.09	2439.81	2522.71	2549.08
FEC_IND	KTOE	IE01	:	594.8	603.93	610.76	592.3	673	695.56	714.8	702.8	:	:	:	:	:
FEC_IND	KTOE	IE02	:	1613.09	1625.96	1649.86	1605.36	1830.19	1897.92	1956.98	1930.29	:	:	:	:	:
FEC_IND	KTOE	LT	979	1001.8	940.6	899.4	819.8	945.6	1053.8	1044.8	984.4	936.6	910.3	863.9	774.4	781.8
FEC_IND	KTOE	LT00	979	1001.8	940.6	899.4	819.8	945.6	1053.8	1044.8	984.4	936.6	910.3	863.9	774.4	781.8
FEC_IND	KTOE	LU	1194	1198	1245	1410	1273	1339	1434	1545	1453	1488.93	1290.1	1298.94	974.75	852.67
FEC_IND	KTOE	LU00	1194	1198	1245	1410	1273	1339	1434	1545	1453	1488.93	1290.1	1298.94	974.75	852.67
FEC_IND	KTOE	LV	855	905	825	831	710	773	811	824	769	:	:	:	:	:
FEC_IND	KTOE	LV00	855	905	825	831	710	773	811	824	769	:	:	:	:	:
FEC_IND	KTOE	MK00	563	641	641	543	422	613	664	589	562	:	:	:	:	:
FEC_IND	KTOE	MT	68.04	70.97	70.92	60.16	79.07	62.92	68.14	68.49	64.33	44.07	44.12	43.05	45.31	46.39
FEC_IND	KTOE	MT00	68.04	70.97	70.92	60.16	79.07	62.92	68.14	68.49	64.33	44.07	44.12	43.05	45.31	46.39
FEC_IND	KTOE	PT20	41.23 p	39.33	55.03	53.17	61.29	53.41	51.65	:	:	:	:	:	:	:
FEC_IND	KTOE	PT30	13.55 p	10.79	18.3	19.23	27.25	19.59	15.65	:	:	:	:	:	:	:
FEC_IND	KTOE	SI01	724	723	767	787	752	952	1060	1119	:	:	:	:	:	:
FEC_IND	KTOE	SI02	485	495	481	503	544	609	623	657	:	:	:	:	:	:
FEC_SER	KTOE	AT	:	:	:	:	:	:	:	:	:	5243.74	5351.14	4826.02	5020.85	3959.92
FEC_SER	KTOE	AT11	:	:	99.01	99.6	85.84	102.62	95.61	99.85	88.4	100.66	96.94	93.15	88.35	77.46
FEC_SER	KTOE	AT12	:	:	659.91	703.41	453.96	615.32	564.75	589.91	552.2	638.49	600.21	534.52	596.91	457.67
FEC_SER	KTOE	AT13	:	:	749.31	784.11	677351	718363	684.95	731.68	703.06	788.47	811.48	801.28	789.74	705.94
FEC_SER	KTOE	AT21	:	:	238.27	245.45	185.16	250.57	195.9	221.76	205.15	204.65	230.33	172.86	194.69	191.54
FEC_SER	KTOE	AT22	:	:	397.92	420.34	312.85	416.28	370.8	419.42	459.37	454.06	450.63	428.96	406.7	334.44
FEC_SER	KTOE	AT31	:	:	413.32	388.5	305.14	419.43	378	438.14	412.57	469.87	464.92	386.04	460.13	403.08
FEC_SER	KTOE	AT32	:	:	257.45	260.86	202.37	242.76	232.77	258.82	239.02	256.44	260.66	251.29	255.15	211.24
FEC_SER	KTOE	AT33	:	:	252.46	244.96	232.07	318.46	290.86	300.49	254.87	260.39	285.87	224.95	228.02	203.73
FEC_SER	KTOE	AT34	:	:	154.28	125.57	111.51	151.9	140.42	153.62	133.83	143.91	157.55	141.11	121.33	117.81
FEC_SER	KTOE	BG	3566	3893	3761	3726	3711	3791	3578	3712	3438	:	:	:	:	:
FEC_SER	KTOE	BG31	203 p	222	221	231	252	250	250	272	287	:	:	:	:	:
FEC_SER	KTOE	BG32	240 p	261	258	265	270	284	278	297	303	:	:	:	:	:
FEC_SER	KTOE	BG33	366 p	401	380	382	401	399	380	409	389	:	:	:	:	:
FEC_SER	KTOE	BG34	343 p	369	357	358	367	379	350	387	381	:	:	:	:	:
FEC_SER	KTOE	BG41	1998 p	2182	2107	2052	1972	2032	1884	1868	1589	:	:	:	:	:
FEC_SER	KTOE	BG42	416 p	458	438	438	449	447	436	479	489	:	:	:	:	:
FEC_SER	KTOE	CY	:	:	:	:	:	:	:	:	:	145	140	134	123	106
FEC_SER	KTOE	CY00	:	:	:	:	:	:	:	:	:	145	140	134	123	106
FEC_SER	KTOE	CZ01	:	:	:	:	:	:	:	:	:	393.91 d	390.49 d	347.02 d	372.29 d	344.57 d
FEC_SER	KTOE	CZ02	:	:	:	:	:	:	:	:	:	383.85 d	379.31 d	336.2 d	351.46 d	322.66 d
FEC_SER	KTOE	CZ03	:	:	:	:	:	:	:	:	:	397.32 d	394.7 d	351.22 d	371.04 d	342 d
FEC_SER	KTOE	CZ04	:	:	:	:	:	:	:	:	:	380.24 d	377.72 d	335.97 d	356.62 d	328.64 d
FEC_SER	KTOE	CZ05	:	:	:	:	:	:	:	:	:	500.43 d	498.15 d	443.87 d	469.16 d	432.41 d
FEC_SER	KTOE	CZ06	:	:	:	:	:	:	:	:	:	554.27 d	550.96 d	491.4 d	522.08 d	481.58 d
FEC_SER	KTOE	CZ07	:	:	:	:	:	:	:	:	:	415.07 d	413.32 d	368.65 d	390.52 d	360.11 d
FEC_SER	KTOE	CZ08	:	:	:	:	:	:	:	:	:	425.92 d	424.34 d	378.67 d	402.84 d	372.03 d
FEC_SER	KTOE	EE00	:	:	:	:	:	:	:	:	:	1103	996	967	938	850
FEC_SER	KTOE	ES	:	10209.532	9970.001	10186	9230	8913.002	8521.001	9319.999	6887.999	:	:	:	:	:
FEC_SER	KTOE	ES11	:	546.534	479.274	489.064	443.39	437.975	405.745	437.015	302.531	:	:	:	:	:
FEC_SER	KTOE	ES12	:	347.542	247.825	253.262	229.466	221.548	223.63	229.322	170.864	:	:	:	:	:
FEC_SER	KTOE	ES13	:	152.681	114.973	117.511	106.464	102.727	94.779	102.554	75.839	:	:	:	:	:
FEC_SER	KTOE	ES21	:	750.761	614.662	628.292	569.204	548.247	514.287	430.983	421.301	:	:	:	:	:
FEC_SER	KTOE	ES22	:	231.711	131.239	133.953	121.43	115.255	109.641	127.831	99.591	:	:	:	:	:
FEC_SER	KTOE	ES23	:	70.016	703.043	718.706	651.088	626.328	49.724	52.179	38.968	:	:	:	:	:
FEC_SER	KTOE	ES24	:	281.358	291.471	297.528	269.702	264.246	280.256	307.233	197.768	:	:	:	:	:
FEC_SER	KTOE	ES30	:	1543.039	1392.164	1422.962	1289.168	1243.006	1264.697	1408.677	1062.703	:	:	:	:	:
FEC_SER	KTOE	ES41	:	647.852	589.68	602.575	545.975	528.058	485.427	532.379	379.866	:	:	:	:	:
FEC_SER	KTOE	ES42	:	472.34	334.643	341.98	309.85	299.606	312.745	333.87	257.879	:	:	:	:	:
FEC_SER	KTOE	ES43	:	194.534	140.972	144.079	130.536	125.925	147.05	163.648	117.165	:	:	:	:	:
FEC_SER	KTOE	ES51	:	1784.136	1694.466	1731.626	1568.934	1515.728	1619.273	1803.588	1295.895	:	:	:	:	:
FEC_SER	KTOE	ES52	:	993.714	960.931	981.785	889.627	860.189	901.619	1004.471	782.228	:	:	:	:	:
FEC_SER	KTOE	ES53	:	254.579	276.744	282.687	256.176	248.994	273.023	308.957	232.645	:	:	:	:	:
FEC_SER	KTOE	ES61	:	1240.289	1264.624	1290.616	1170.023	1118.732	1148.558	1286.998	905.041	:	:	:	:	:
FEC_SER	KTOE	ES62	:	302.146	239.209	244.491	221.507	213.679	228.485	266.393	177.164	:	:	:	:	:
FEC_SER	KTOE	ES63	:	10.746	10.13	10.356	9.381	9.022	9.531	11.183	8.206	:	:	:	:	:
FEC_SER	KTOE	ES64	:	9.148	10.016	10.239	9.276	8.922	9.694	9.378	6.771	:	:	:	:	:
FEC_SER	KTOE	ES70	:	376.406	473.935	484.288	438.803	424.815	442.837	503.34	355.574	:	:	:	:	:
FEC_SER	KTOE	FR	:	:	:	:	:	:	:	:	:	21961.96	19979.01	18768.16	17850.15	13617.01
FEC_SER	KTOE	FR10	:	:	:	:	:	:	:	:	:	4603.07	3639.67	4464.59	3415.55	2478.47
FEC_SER	KTOE	FR21	:	:	:	:	:	:	:	:	:	472.27	433.03	401.1	412.8	301.83
FEC_SER	KTOE	FR22	:	:	:	:	:	:	:	:	:	503.7	606.85	584.2	574.88	418.99
FEC_SER	KTOE	FR23	:	:	:	:	:	:	:	:	:	515.67	580.64	570.85	550.47	401.36
FEC_SER	KTOE	FR24	:	:	:	:	:	:	:	:	:	787.61	802.3	757.23	757.31	551.05
FEC_SER	KTOE	FR25	:	:	:	:	:	:	:	:	:	488.87	465.99	410.5	440.65	320.93
FEC_SER	KTOE	FR26	:	:	:	:	:	:	:	:	:	571.72	523.42	517.06	497.02	362.73
FEC_SER	KTOE	FR30	:	:	:	:	:	:	:	:	:	1335.78	1294.59	1136.59	1230.87	899.15
FEC_SER	KTOE	FR41	:	:	:	:	:	:	:	:	:	1046.61	751.19	720.65	713.33	520.64
FEC_SER	KTOE	FR42	:	:	:	:	:	:	:	:	:	741.12	574.71	706.75	540.22	392.23
FEC_SER	KTOE	FR43	:	:	:	:	:	:	:	:	:	423.66	366.87	285.42	346.6	252.24
FEC_SER	KTOE	FR51	:	:	:	:	:	:	:	:	:	1125.17	1081.13	886.27	1009.54	730.72
FEC_SER	KTOE	FR52	:	:	:	:	:	:	:	:	:	966.69	971.84	881.06	:	658.44
FEC_SER	KTOE	FR53	:	:	:	:	:	:	:	:	:	477.44	544.65	456.84	511.32	371.18
FEC_SER	KTOE	FR61	:	:	:	:	:	:	:	:	:	1108.8	976.58	842.99	911.48	659.7
FEC_SER	KTOE	FR62	:	:	:	:	:	:	:	:	:	758.77	863.75	614.08	802.67	579.87
FEC_SER	KTOE	FR63	:	:	:	:	:	:	:	:	:	210.66	232.96	187.14	220.2	160.41
FEC_SER	KTOE	FR71	:	:	:	:	:	:	:	:	:	2379.12	1889.42	1939.78	1766.37	1279.39
FEC_SER	KTOE	FR72	:	:	:	:	:	:	:	:	:	431.08	427.39	349.54	404.82	295.13
FEC_SER	KTOE	FR81	:	:	:	:	:	:	:	:	:	703.33	783	450.78	724.04	522.25
FEC_SER	KTOE	FR82	:	:	:	:	:	:	:	:	:	1630.89	1509.81	1032.69	1410.29	1021.42
FEC_SER	KTOE	FR83	:	:	:	:	:	:	:	:	:	89.57	90.11	65.16	82.84	59.5
FEC_SER	KTOE	FR91	:	:	:	:	:	:	:	:	:	144.77	140.46	125.98	131.84	95.57
FEC_SER	KTOE	FR92	:	:	:	:	:	:	:	:	:	130.13	126.49	113.53	118.91	86.27
FEC_SER	KTOE	FR93	:	:	:	:	:	:	:	:	:	63.82	59.68	51.51	51.87	36.44
FEC_SER	KTOE	FR94	:	:	:	:	:	:	:	:	:	251.64	242.48	215.87	224.26	161.1
FEC_SER	KTOE	HR	712	724.7	755.2	765.2	724.6	718.12	665.95	685.75	690.84	646.25	623.46	584.35	549.03	478.27
FEC_SER	KTOE	HR03	244.28 e	248.64 e	259.1 e	262.6 e	248.6 e	246.41 e	228.51 e	235.3 e	237.05 e	221.75	213.93	200.51	188.39	164.11
FEC_SER	KTOE	HR04	467.72 e	476.06 e	496.1 e	502.6 e	476 e	471.71 e	437.44 e	450.45 e	453.79 e	424.5	409.53	383.84	360.64	314.16
FEC_SER	KTOE	HU10	:	:	:	:	:	:	:	:	:	1438.49	1582.68	1601.75	1601.11	1615.9
FEC_SER	KTOE	HU21	:	:	:	:	:	:	:	:	:	289.92	210.47	208.71	211.27	202.03
FEC_SER	KTOE	HU22	:	:	:	:	:	:	:	:	:	284.17	210.91	208	201.86	183.6
FEC_SER	KTOE	HU23	:	:	:	:	:	:	:	:	:	533.31	541.68	476.73	480.07	444.98
FEC_SER	KTOE	HU31	:	:	:	:	:	:	:	:	:	353.42	257.48	251.87	252.75	239.3
FEC_SER	KTOE	HU32	:	:	:	:	:	:	:	:	:	492.03	328.58	326.84	374.2	315.2
FEC_SER	KTOE	HU33	:	:	:	:	:	:	:	:	:	499.68	299.39	296.16	296.54	279.07
FEC_SER	KTOE	IE	:	358.82	1335.66	1373.74	1486.5	1588.52	1707.18	1566.36	1520.34	1486.45	1552.13	1435.36	1390.37	1340.8
FEC_SER	KTOE	IE01	:	358.82	362.56	397.64	412.35	470.89	426.6	402.33	418.85	:	:	:	:	:
FEC_SER	KTOE	IE02	:	973.1	976.1	1074.15	1117.63	1280.58	1164.03	1101.49	1150.39	:	:	:	:	:
FEC_SER	KTOE	LT	2172.9	2186.3	2127.3	2152.2	2098	2451.8	2472.6	2156.7	1999.9	1887.7	1742.4	1686	1630.7	1526.2
FEC_SER	KTOE	LT00	2172.9	2186.3	2127.3	2152.2	2098	2451.8	2472.6	2156.7	1999.9	1887.7	1742.4	1686	1630.7	1526.2
FEC_SER	KTOE	LU	1653	1631	1579	1727	1737	1702	1673	1650	1701	1557.8	1580.44	1543.28	1479.11	1287.23
FEC_SER	KTOE	LU00	1653	1631	1579	1727	1737	1702	1673	1650	1701	1557.8	1580.44	1543.28	1479.11	1287.23
FEC_SER	KTOE	LV	604	623	559	599	572	610	681	635	591	:	:	:	:	:
FEC_SER	KTOE	LV00	604	623	559	599	572	610	681	635	591	:	:	:	:	:
FEC_SER	KTOE	MK00	720	702	685	695	689	628	628	579	594	:	:	:	:	:
FEC_SER	KTOE	MT	80.15	81.89	78.73	84.5	76.13	66.42	64.85	62.85	57.09	36.9	36.38	33.28	33.09	32.17
FEC_SER	KTOE	MT00	80.15	81.89	78.73	84.5	76.13	66.42	64.85	62.85	57.09	36.9	36.38	33.28	33.09	32.17
FEC_SER	KTOE	NL11	314.5 e	312.88 e	296.75 e	337.27 e	311.18 e	319 e	298.41 e	302.16 e	282.82 e	:	:	:	:	:
FEC_SER	KTOE	NL12	352.48 e	350.66 e	332.58 e	378 e	349.52 e	357.79 e	334.1 e	338.06 e	316.21 e	:	:	:	:	:
FEC_SER	KTOE	NL13	267.77 e	266.39 e	252.65 e	287.15 e	265.56 e	271.54 e	252.94 e	255.02 e	237.72 e	:	:	:	:	:
FEC_SER	KTOE	NL21	616.47 e	613.29 e	581.67 e	661.09 e	610.03 e	623.03 e	580.78 e	586.14 e	545.61 e	:	:	:	:	:
FEC_SER	KTOE	NL22	1090.18 e	1084.56 e	1028.63 e	1169.09 e	1079.24 e	1103.59 e	1029.58 e	1039.97 e	969.83 e	:	:	:	:	:
FEC_SER	KTOE	NL23	211.54 e	210.45 e	199.6 e	226.85 e	207.85 e	210.66 e	194.79 e	195.11 e	179.93 e	:	:	:	:	:
FEC_SER	KTOE	NL31	665.86 e	662.43 e	628.27 e	714.06 e	656.34 e	668.29 e	619.39 e	621.15 e	576.04 e	:	:	:	:	:
FEC_SER	KTOE	NL32	1455.67 e	1448.16 e	1373.49 e	1561.03 e	1434.49 e	1460.88 e	1359.41 e	1372.05 e	1278.23 e	:	:	:	:	:
FEC_SER	KTOE	NL33	1911.89 e	1902.03 e	1803.95 e	2050.28 e	1887.15 e	1925.53 e	1797.46 e	1820.68 e	1700.82 e	:	:	:	:	:
FEC_SER	KTOE	NL34	208.01 e	206.94 e	196.27 e	223.07 e	206.51 e	211.71 e	197.95 e	200.12 e	186.87 e	:	:	:	:	:
FEC_SER	KTOE	NL41	1333 e	1326.12 e	1257.74 e	1429.48 e	1319.64 e	1348.88 e	1258.47 e	1271.71 e	1185.9 e	:	:	:	:	:
FEC_SER	KTOE	NL42	612.3 e	609.14 e	577.73 e	656.62 e	608.5 e	625.09 e	586.72 e	595.83 e	559.02 e	:	:	:	:	:
FEC_SER	KTOE	PT20	150.27 p	156.96	184.51	181.98	195.47	200.14	205.85	:	:	:	:	:	:	:
FEC_SER	KTOE	PT30	182.85 p	188.17	205.98	210.92	217.44	228.45	219.19	:	:	:	:	:	:	:
FEC_TOT	KTOE	AT	:	:	:	:	:	:	:	:	:	25744.75	25350.96	24021.34	23855.25	22392.32
FEC_TOT	KTOE	AT11	:	:	834.95	866.95	791.75	810.68	791.39	791.7	794.73	750.13	743.5	716.71	703.58	561.15
FEC_TOT	KTOE	AT12	:	:	5651.49	5921.75	5481.22	5712.5	5659.44	5678.3	5739.16	5522.31	5351.14	5198.84	5243.74	4826.02
FEC_TOT	KTOE	AT13	:	:	3247.11	3462.99	3283.43	3255.18	3269.34	3368.81	3405.6	3384.05	3360.75	3183.92	3083.63	2886.67
FEC_TOT	KTOE	AT21	:	:	2001.98	2021.88	1876.02	2084.76	2020.55	2030.22	1975.81	1923.61	1928.34	1793.49	1794.68	1648.93
FEC_TOT	KTOE	AT22	:	:	4032.34	4127.76	3860.25	4080.04	4045.74	4135.59	4234.15	3959.92	3798.7	3697.38	3724.04	3622.35
FEC_TOT	KTOE	AT31	:	:	5502.77	5697.09	5346.37	5683.17	5500.63	5518.88	5544.45	5409.07	5470.48	4998.84	5020.85	4818.99
FEC_TOT	KTOE	AT32	:	:	1725.62	1831.74	1702.6	1770.75	1761.79	1773.88	1778.93	1689.49	1652.45	1573.54	1507.21	1403.47
FEC_TOT	KTOE	AT33	:	:	2187.48	2300.29	2186.03	2302.67	2317.3	2338.89	2370.93	2261.12	2218.09	2064.18	1988.48	1873.54
FEC_TOT	KTOE	AT34	:	:	830.98	870.5	839.58	861.89	850.63	862.99	866.37	845.05	827.51	794.44	789.04	751.2
FEC_TOT	KTOE	BG	8596	9044	9050	8720	8486	9553	9748	9882	9516	:	:	:	:	:
FEC_TOT	KTOE	BG31	753 p	739	753	731	721	827	897	920	941	:	:	:	:	:
FEC_TOT	KTOE	BG32	778 p	808	803	776	776	871	928	959	953	:	:	:	:	:
FEC_TOT	KTOE	BG33	947 p	1033	1018	976	948	1116	1131	1150	1072	:	:	:	:	:
FEC_TOT	KTOE	BG34	1164 p	1202	1173	1175	1119	1278	1306	1397	1437	:	:	:	:	:
FEC_TOT	KTOE	BG41	3553 p	3819	3864	3660	3579	3973	3896	3812	3540	:	:	:	:	:
FEC_TOT	KTOE	BG42	1401 p	1443	1439	1402	1343	1488	1590	1644	1573	:	:	:	:	:
FEC_TOT	KTOE	CY	:	:	:	:	:	:	:	:	:	1815	1803	1704	1691	1632
FEC_TOT	KTOE	CY00	:	:	:	:	:	:	:	:	:	1815	1803	1704	1691	1632
FEC_TOT	KTOE	EE00	:	:	:	:	:	:	:	:	:	2805	2659	2523	2568	2407
FEC_TOT	KTOE	ES	:	42235.666	38822	39360.999	37592.001	40448	41207.001	40194	42053	:	:	:	:	:
FEC_TOT	KTOE	ES11	:	2566.841	2725.405	2734.018	2643.564	2823.857	2660.174	2539.973	2553.862	:	:	:	:	:
FEC_TOT	KTOE	ES12	:	1311.513	1343.235	1352.243	1312.412	1416.731	1379.085	1384.883	1523.932	:	:	:	:	:
FEC_TOT	KTOE	ES13	:	770.47	799.814	813.102	793.069	904.907	906.989	884.382	1004.434	:	:	:	:	:
FEC_TOT	KTOE	ES21	:	2894.593	2912.532	2955.284	2869.76	3278.733	3367.568	3002.009	4043.508	:	:	:	:	:
FEC_TOT	KTOE	ES22	:	998.301	775.013	782.876	761.391	846.001	916.158	904.809	1059.446	:	:	:	:	:
FEC_TOT	KTOE	ES23	:	513.814	900.76	918.327	845.452	840.927	302.092	291.889	309.922	:	:	:	:	:
FEC_TOT	KTOE	ES24	:	2010.28	1685.263	1704.773	1657.475	1870.586	1901.27	1864.3	1738.132	:	:	:	:	:
FEC_TOT	KTOE	ES30	:	4295.738	3685.15	3755.719	3497.202	3594.094	4197.475	4351.956	4003.421	:	:	:	:	:
FEC_TOT	KTOE	ES41	:	2995.506	2430.83	2459.413	2359.881	2563.448	2754.416	2636.691	2790.849	:	:	:	:	:
FEC_TOT	KTOE	ES42	:	2092.233	1833.951	1859.018	1796.626	1981.833	2055.253	1883.97	2138.729	:	:	:	:	:
FEC_TOT	KTOE	ES43	:	659.783	619.561	626.754	595.208	609.807	552.759	558.633	495.03	:	:	:	:	:
FEC_TOT	KTOE	ES51	:	8146.425	6516.377	6627.832	6331.133	6888.243	7850.041	7830.909	8014.958	:	:	:	:	:
FEC_TOT	KTOE	ES52	:	3976.401	4288.541	4359.112	4171.391	4579.471	4527.879	4630.019	5263.625	:	:	:	:	:
FEC_TOT	KTOE	ES53	:	577.336	702.255	714.012	658.59	643.871	546.87	573.715	474.018	:	:	:	:	:
FEC_TOT	KTOE	ES61	:	6686.974	5618.609	5678.205	5412.194	5673.018	5574.722	5142.151	5067.945	:	:	:	:	:
FEC_TOT	KTOE	ES62	:	962.122	952.621	967.585	921.241	982.155	941.359	894.815	899.111	:	:	:	:	:
FEC_TOT	KTOE	ES63	:	18.386	19.89	20.303	18.485	17.972	15.11	17.239	13.459	:	:	:	:	:
FEC_TOT	KTOE	ES64	:	18.253	21.756	22.205	20.2	19.605	15.661	15.155	11.617	:	:	:	:	:
FEC_TOT	KTOE	ES70	:	740.697	990.437	1010.218	926.727	912.741	742.12	786.502	647.002	:	:	:	:	:
FEC_TOT	KTOE	FR	:	:	:	:	:	:	:	:	:	158761.72	:	155094.41	:	:
FEC_TOT	KTOE	FR10	:	:	:	:	:	:	:	:	:	25699.11	:	24304.18	:	:
FEC_TOT	KTOE	FR21	:	:	:	:	:	:	:	:	:	4118.06	:	4138.59	:	:
FEC_TOT	KTOE	FR22	:	:	:	:	:	:	:	:	:	5157.31	:	5337.33	:	:
FEC_TOT	KTOE	FR23	:	:	:	:	:	:	:	:	:	5157.82	:	5682.28	:	:
FEC_TOT	KTOE	FR24	:	:	:	:	:	:	:	:	:	6051.76	:	6493.8	:	:
FEC_TOT	KTOE	FR25	:	:	:	:	:	:	:	:	:	3518.23	:	3283.79	:	:
FEC_TOT	KTOE	FR26	:	:	:	:	:	:	:	:	:	4407.33	:	4482.95	:	:
FEC_TOT	KTOE	FR30	:	:	:	:	:	:	:	:	:	14311.82	:	13746.7	:	:
FEC_TOT	KTOE	FR41	:	:	:	:	:	:	:	:	:	8893.59	:	8931.92	:	:
FEC_TOT	KTOE	FR42	:	:	:	:	:	:	:	:	:	5126.33	:	5271.57	:	:
FEC_TOT	KTOE	FR43	:	:	:	:	:	:	:	:	:	3105.48	:	3013.56	:	:
FEC_TOT	KTOE	FR51	:	:	:	:	:	:	:	:	:	8225.83	:	7736.14	:	:
FEC_TOT	KTOE	FR52	:	:	:	:	:	:	:	:	:	7298.35	:	6992.13	:	:
FEC_TOT	KTOE	FR53	:	:	:	:	:	:	:	:	:	4027.57	:	4294.12	:	:
FEC_TOT	KTOE	FR61	:	:	:	:	:	:	:	:	:	8445.47	:	7892.16	:	:
FEC_TOT	KTOE	FR62	:	:	:	:	:	:	:	:	:	5650.2	:	5745.9	:	:
FEC_TOT	KTOE	FR63	:	:	:	:	:	:	:	:	:	1634.09	:	1678.98	:	:
FEC_TOT	KTOE	FR71	:	:	:	:	:	:	:	:	:	16053.63	:	15324.9	:	:
FEC_TOT	KTOE	FR72	:	:	:	:	:	:	:	:	:	3309.18	:	3206.55	:	:
FEC_TOT	KTOE	FR81	:	:	:	:	:	:	:	:	:	4846.78	:	4510.91	:	:
FEC_TOT	KTOE	FR82	:	:	:	:	:	:	:	:	:	13098.29	:	12470.1	:	:
FEC_TOT	KTOE	FR83	:	:	:	:	:	:	:	:	:	625.49	:	555.85	:	:
FEC_TOT	KTOE	HR	5806.09	5902	6189.7	6351.9	6354	6622.67	6480.18	6594.81	6490.43	6168.66	5985.59	5619.42	5492.25	5366.79
FEC_TOT	KTOE	HR03	1819.96 e	1850.02 e	1940.2 e	1991 e	1991.7 e	2075.9 e	2036.14 e	2053.64 e	2011.97 e	1912.76	1851.22	1736.23	1691.18	1646.67
FEC_TOT	KTOE	HR04	3986.13 e	4051.98 e	4249.5 e	4360.9 e	4362.3 e	4546.77 e	4444.04 e	4541.17 e	4478.46 e	4255.9	4134.37	3883.19	3801.07	3720.12
FEC_TOT	KTOE	IE	:	2885.74	10835.7	11316.4	11912.37	12309.64	13181.65	13084.51	12848.34	12017.5	11632.53	11309.32	11261.74	10813.95
FEC_TOT	KTOE	IE01	:	2885.74	3009.66	3213.52	3231.68	3550.63	3525.84	3463.86	3364.98	:	:	:	:	:
FEC_TOT	KTOE	IE02	:	7826.04	8102.88	8680.69	8759.01	9655.81	9620.65	9483.36	9242.13	:	:	:	:	:
FEC_TOT	KTOE	LT	4725	4833.9	4712.7	4756.8	4591	5066	5150.6	4885.5	4597.7	4411.9	4225.4	4095.8	3926.4	3773.7
FEC_TOT	KTOE	LT00	4725	4833.9	4712.7	4756.8	4591	5066	5150.6	4885.5	4597.7	4411.9	4225.4	4095.8	3926.4	3773.7
FEC_TOT	KTOE	LU	3485	3498	3516	3878	3742	3792	3849	3950	3904	3808.39	3596.72	3543.43	3168.82	2812.94
FEC_TOT	KTOE	LU00	3485	3498	3516	3878	3742	3792	3849	3950	3904	3808.39	3596.72	3543.43	3168.82	2812.94
FEC_TOT	KTOE	LV	3964	4123	3964	4189	4114	4272	4466	4296	4109	:	:	:	:	:
FEC_TOT	KTOE	LV00	3964	4123	3964	4189	4114	4272	4466	4296	4109	:	:	:	:	:
FEC_TOT	KTOE	MK00	1759	1828	1895	1802	1671	1771	1793	1702	1678	:	:	:	:	:
FEC_TOT	KTOE	MT	503.1	502.59	516.63	509.56	501.18	481.76	489.02	490.7	470.39	454.77	429.18	423.97	421.77	442.17
FEC_TOT	KTOE	MT00	503.1	502.59	516.63	509.56	501.18	481.76	489.02	490.7	470.39	454.77	429.18	423.97	421.77	442.17
FEC_TOT	KTOE	PT20	265.31 p	267.99	314.26	319.59	328.6	322.03	318.18	:	:	:	:	:	:	:
FEC_TOT	KTOE	PT30	248.86 p	246.45	275.54	282.45	295.11	299.77	287.06	:	:	:	:	:	:	:
FEC_TOT	KTOE	UK	:	:	:	:	124161.88	131257.99	135890.98	137975.64	141037.38	:	:	:	:	:
FEC_TOT	KTOE	UKC1	:	:	:	:	2942.93	3446.18	3549.08	3507.41	3665.85	:	:	:	:	:
FEC_TOT	KTOE	UKC2	:	:	:	:	2635.47	2803.22	2904	2961.91	3067.03	:	:	:	:	:
FEC_TOT	KTOE	UKD1	:	:	:	:	1295.96	1376.63	1424.84	1458.56	1639.72	:	:	:	:	:
FEC_TOT	KTOE	UKD3	:	:	:	:	4526.94	4769.81	4938.43	5043.31	5150.18	:	:	:	:	:
FEC_TOT	KTOE	UKD4	:	:	:	:	2805.31	2984.05	3105.31	3183.67	3317.07	:	:	:	:	:
FEC_TOT	KTOE	UKD6	:	:	:	:	3206.83	3357.03	3418.67	3547.46	3498.96	:	:	:	:	:
FEC_TOT	KTOE	UKD7	:	:	:	:	2470.23	2633.04	2800.09	2824.22	2950.33	:	:	:	:	:
FEC_TOT	KTOE	UKE1	:	:	:	:	3480.8	3790.61	4305.64	4411.48	4440.1	:	:	:	:	:
FEC_TOT	KTOE	UKE2	:	:	:	:	1869.67	1958.05	2042.33	2083.05	2108.69	:	:	:	:	:
FEC_TOT	KTOE	UKE3	:	:	:	:	2493.18	2680.76	2745.73	2831.82	3061.37	:	:	:	:	:
FEC_TOT	KTOE	UKE4	:	:	:	:	3974.56	4217.97	4400.24	4441.23	4569.5	:	:	:	:	:
FEC_TOT	KTOE	UKF1	:	:	:	:	4220.96	4422.99	4626.85	4715.86	4833.1	:	:	:	:	:
FEC_TOT	KTOE	UKF2	:	:	:	:	3624.21	3839.55	4043.49	4099.19	4172.4	:	:	:	:	:
FEC_TOT	KTOE	UKF3	:	:	:	:	1282.41	1338.41	1360.37	1387.86	1397	:	:	:	:	:
FEC_TOT	KTOE	UKG1	:	:	:	:	3074.09	3241.55	3369.24	3379.37	3376.32	:	:	:	:	:
FEC_TOT	KTOE	UKG2	:	:	:	:	3182.34	3389.07	3534.45	3586.29	3627.97	:	:	:	:	:
FEC_TOT	KTOE	UKG3	:	:	:	:	4261.8	4615.86	4838.28	4926	5081.75	:	:	:	:	:
FEC_TOT	KTOE	UKH1	:	:	:	:	4860.25	5020.1	5078.2	5157.55	5215.82	:	:	:	:	:
FEC_TOT	KTOE	UKH2	:	:	:	:	3028.33	3164	3288.09	3327.77	3392.22	:	:	:	:	:
FEC_TOT	KTOE	UKH3	:	:	:	:	3632.14	3948.14	3920.85	4107.62	4258.28	:	:	:	:	:
FEC_TOT	KTOE	UKI1	:	:	:	:	5089.13	5321.19	5389.82	5521.55	5504.13	:	:	:	:	:
FEC_TOT	KTOE	UKI2	:	:	:	:	6411.82	6762.63	6899.48	7028.76	7152.81	:	:	:	:	:
FEC_TOT	KTOE	UKJ1	:	:	:	:	4702.91	4915.91	5147.57	5163.75	5226.6	:	:	:	:	:
FEC_TOT	KTOE	UKJ2	:	:	:	:	4765.74	5008.36	5165.43	5239.66	5339.3	:	:	:	:	:
FEC_TOT	KTOE	UKJ3	:	:	:	:	4412.12	4427.24	4697.26	4789.2	4927.3	:	:	:	:	:
FEC_TOT	KTOE	UKJ4	:	:	:	:	2964.18	3273.73	3471.12	3466.39	3754.19	:	:	:	:	:
FEC_TOT	KTOE	UKK1	:	:	:	:	4415.61	4706.1	4873.34	4927.2	4971.52	:	:	:	:	:
FEC_TOT	KTOE	UKK2	:	:	:	:	2314.58	2421.03	2480.37	2530.17	2571.09	:	:	:	:	:
FEC_TOT	KTOE	UKK3	:	:	:	:	963.67	992.9	1018.68	1045.35	1059.63	:	:	:	:	:
FEC_TOT	KTOE	UKK4	:	:	:	:	1982.78	2052.37	2102.93	2161.58	2280.38	:	:	:	:	:
FEC_TOT	KTOE	UKL1	:	:	:	:	5263.17	5438.91	5772.66	5807.26	5833.21	:	:	:	:	:
FEC_TOT	KTOE	UKL2	:	:	:	:	2725.94	2897.76	3030.34	2979.32	3045.02	:	:	:	:	:
FEC_TOT	KTOE	UKM2	:	:	:	:	6024.3	6461.4	6524.56	6490.76	6686.98	:	:	:	:	:
FEC_TOT	KTOE	UKM3	:	:	:	:	4480.72	4707.24	4820.79	4806.07	4898.59	:	:	:	:	:
FEC_TOT	KTOE	UKM5	:	:	:	:	959.2	1002.59	1023.48	1035.88	1090.98	:	:	:	:	:
FEC_TOT	KTOE	UKM6	:	:	:	:	578.76	606.3	605.31	635.18	602.39	:	:	:	:	:
FEC_TOT	KTOE	UKN0	:	:	:	:	3238.82	3265.32	3173.65	3365.91	3269.6	:	:	:	:	:
