unit	sex	age	geo	2015	2014	2013	2012	2011	2010	2009	2008	2007	2006	2005	2004	2003	2002	2001	2000	1999	1998	1997	1996	1995	1994	1993	1992	1991	1990 
NR	T	TOTAL	AL	2893005	2895947 e	:	:	:	:	:	:	:	:	:	:	:	:	:	:	:	:	:	:	:	:	:	:	:	: 
NR	T	TOTAL	AL0	2893005	2895947 e	:	:	:	:	:	:	:	:	:	:	:	:	:	:	:	:	:	:	:	:	:	:	:	: 
NR	T	TOTAL	AT	8576261	8506889	8451860	8408121	8375164	8351643	8335003	8307989	8282984	8254298	8201359	8142573	8100273	8063640	8020946	8002186	7982461	7971116	7964966	7953067	7943489	7928746	7882519	7798899	7710882	7644818 
NR	T	TOTAL	AT1	3718672	3679155	3646529	3617321	3596910	3579589	3565870	3547701	3529875	3512077	3479550	3444493	3418657	3392463	3369328	3359846	3349729	3344933	3343996	3339649	3338685	3338124	3317228	3283464	3246000	3219274 
NR	T	TOTAL	AT11	288178	287318	286691	285782	284581	283697	282777	280977	280062	279128	278033	276793	276542	276673	275956	276226	276732	277210	277566	277843	277529	276300	275633	274259	271604	270670 
NR	T	TOTAL	AT12	1635695	1626262	1618592	1614455	1609474	1605897	1602958	1595503	1588567	1580501	1568949	1557291	1549269	1544667	1539416	1535083	1530745	1526848	1524239	1522804	1518489	1512388	1504072	1486756	1471624	1455968 
NR	T	TOTAL	AT13	1794799	1765575	1741246	1717084	1702855	1689995	1680135	1671221	1661246	1652448	1632568	1610409	1592846	1571123	1553956	1548537	1542252	1540875	1542191	1539002	1542667	1549436	1537523	1522449	1502772	1492636 
NR	T	TOTAL	AT2	1777542	1770670	1766444	1764723	1763329	1763043	1764257	1763416	1761876	1760131	1755706	1750194	1747938	1748050	1742012	1743626	1744312	1745051	1746136	1747383	1746844	1745847	1742927	1729730	1719415	1714561 
NR	T	TOTAL	AT21	557047	555743	555473	556027	556718	557998	559462	559715	559393	559277	558926	558026	558623	559933	559571	560696	560938	561012	561549	561845	560708	559735	558114	552345	547752	544983 
NR	T	TOTAL	AT22	1220495	1214927	1210971	1208696	1206611	1205045	1204795	1203701	1202483	1200854	1196780	1192168	1189315	1188117	1182441	1182930	1183374	1184039	1184587	1185538	1186136	1186112	1184813	1177385	1171663	1169578 
NR	T	TOTAL	AT3	3080047	3057064	3038887	3026077	3014925	3009011	3004876	2996872	2991233	2982090	2966103	2947886	2933678	2923127	2909606	2898714	2888420	2881132	2874834	2866035	2857960	2844775	2822364	2785705	2745467	2710983 
NR	T	TOTAL	AT31	1435335	1425982	1418498	1413866	1410222	1409253	1408619	1405762	1403663	1400287	1394726	1387488	1382532	1377803	1373134	1370035	1366578	1364332	1363368	1361888	1360051	1355548	1346059	1329858	1311277	1296826 
NR	T	TOTAL	AT32	538102	534185	531898	529704	527886	526730	526699	525944	526048	524920	522369	519691	517084	517050	514851	512854	511233	510973	510023	508253	506626	503848	498611	488833	480766	471835 
NR	T	TOTAL	AT33	728435	721574	715888	711581	707517	704662	702502	699588	697253	694253	688954	683639	679457	675700	671492	667459	664067	660864	657694	653369	649875	645858	639956	632471	624114	618459 
NR	T	TOTAL	AT34	378175	375323	372603	370926	369300	368366	367056	365578	364269	362630	360054	357068	354605	352574	350129	348366	346542	344963	343749	342525	341408	339521	337738	334543	329310	323863 
NR	T	TOTAL	BE	11258434	11203992	11161642	11094850	11000638 b	10839905	10753080	10666866	10584534	10511382	10445852	10396421	10355844	10309725	10263414	10239085	10213752	10192264	10170226	10143047	10130574	10100631	10068319	10021997	9986975	9947782 
NR	T	TOTAL	BE1	1196831	1183841	1174624	1159448	1136778 b	1089538	1068532	1048491	1031215	1018804	1006749	999899	992041	978384	964405	959318	954460	953175	950597	948122	951580	949070	950339	951217	960324	964385 
NR	T	TOTAL	BE10	1196831	1183841	1174624	1159448	1136778 b	1089538	1068532	1048491	1031215	1018804	1006749	999899	992041	978384	964405	959318	954460	953175	950597	948122	951580	949070	950339	951217	960324	964385 
NR	T	TOTAL	BE2	6458164	6429064	6404726	6372575	6325740 b	6251983	6208877	6161600	6117440	6078600	6043161	6016024	5995553	5972781	5952552	5940251	5926838	5912382	5898824	5880357	5866106	5847022	5824628	5794857	5767856	5739736 
NR	T	TOTAL	BE21	1818272	1809412	1802309	1791024	1773267 b	1744862	1731174	1715707	1700570	1688493	1676858	1668812	1661119	1652450	1645652	1643972	1640966	1637857	1635640	1631243	1628710	1625069	1619613	1610695	1604566	1597310 
NR	T	TOTAL	BE22	861962	858535	855963	852056	846851 b	838505	833160	826690	820272	814658	809942	805786	802528	798583	794785	791178	787491	783927	779969	775302	771613	766833	761565	755593	750082	745034 
NR	T	TOTAL	BE23	1480132	1472518	1465150	1458467	1448928 b	1432326	1420415	1408484	1398253	1389450	1380072	1373720	1370136	1366652	1363672	1361623	1359702	1357576	1354737	1351777	1349382	1346783	1344263	1340056	1335694	1331608 
NR	T	TOTAL	BE24	1115824	1109226	1103737	1097210	1088692 b	1076924	1068838	1060232	1052467	1044133	1037786	1031904	1027839	1022821	1018403	1014704	1011588	1007882	1004692	999186	995266	989252	982943	976956	970985	963283 
NR	T	TOTAL	BE25	1181974	1179373	1177567	1173818	1168002 b	1159366	1155290	1150487	1145878	1141866	1138503	1135802	1133931	1132275	1130040	1128774	1127091	1125140	1123786	1122849	1121135	1119085	1116244	1111557	1106529	1102501 
NR	T	TOTAL	BE3	3603439	3591087	3582292	3562827	3538120 b	3498384	3475671	3456775	3435879	3413978	3395942	3380498	3368250	3358560	3346457	3339516	3332454	3326707	3320805	3314568	3312888	3304539	3293352	3275923	3258795	3243661 
NR	T	TOTAL	BE31	394464	391801	389479	386836	383648 b	379515	375645	373492	370460	366481	363776	360717	358012	355207	352018	349884	347423	344508	341565	339062	336505	332966	329614	325621	321304	315358 
NR	T	TOTAL	BE32	1337967	1335063	1332489	1326386	1319745 b	1309880	1304436	1300097	1294844	1290079	1286275	1283200	1281706	1281042	1279823	1279467	1280427	1282783	1284347	1284761	1286649	1286639	1285934	1283252	1280336	1278039 
NR	T	TOTAL	BE33	1100907	1098531	1095977	1090043	1082136 b	1067685	1060035	1053722	1047414	1040297	1034024	1029605	1025842	1024130	1020042	1019442	1018259	1016762	1014941	1013729	1015007	1014689	1011368	1006081	1000696	998213 
NR	T	TOTAL	BE34	280529	278651	278278	276154	273205 b	269023	266950	264084	261178	258547	256004	254120	252295	250406	248750	246820	245140	243790	242526	241339	240281	238142	236850	234664	232740	230827 
NR	T	TOTAL	BE35	489572	487041	486069	483408	479386 b	472281	468605	465380	461983	458574	455863	452856	450395	447775	445824	443903	441205	438864	437426	435677	434446	432103	429586	426305	423719	421224 
NR	T	TOTAL	BG	7202198	7245677	7284552	7327224	7369431	7421766	7467119	7518002	7572673	7629371	7688573	7745147	7805506	7868815	8149468	8190876	8230371	8283200	8340936	8384715	8427418	8459763	8484863	8595465	8669269	8767308 
NR	T	TOTAL	BG3	3631150	3664440	3693421	3724884	3755275	3798246	3836745	3878688	3922739	3968665	4017103	4064253	4115423	4169387	4328514	4364632	4398511	4439434	4478614	4506228	4536558	4561808	4579774	4638021	4675689	4730338 
NR	T	TOTAL	BG31	797142	810401	823469	836601	848230	865332	881573	898371	916308	934755	954395	973553	993778	1015303	1067180	1081257	1094487	1110875	1123071	1132206	1143962	1157224	1166687	1178488	1187620	1199004 
NR	T	TOTAL	BG32	825536	835813	844511	853468	862120	873801	884857	897075	909962	923643	938073	952025	966969	982500	1040117	1047670	1055616	1066275	1076255	1084790	1089887	1093159	1096989	1117561	1130138	1150702 
NR	T	TOTAL	BG33	949957	954536	957460	961965	966328	971932	976062	981143	986125	991217	996533	1001647	1007579	1013873	1017848	1026019	1032801	1038529	1046134	1050129	1057657	1064816	1067248	1082553	1093617	1109186 
NR	T	TOTAL	BG34	1058515	1063690	1067981	1072850	1078597	1087181	1094253	1102099	1110344	1119050	1128102	1137028	1147097	1157711	1203369	1209686	1215607	1223755	1233154	1239103	1245052	1246609	1248850	1259419	1264314	1271446 
NR	T	TOTAL	BG4	3571048	3581237	3591131	3602340	3614156	3623520	3630374	3639314	3649934	3660706	3671470	3680894	3690083	3699428	3820954	3826244	3831860	3843766	3862322	3878487	3890860	3897955	3905089	3957444	3993580	4036970 
NR	T	TOTAL	BG41	2125212	2127618	2128783	2131233	2133731	2132634	2129855	2127498	2126182	2124449	2122105	2118410	2113323	2107264	2143110	2142700	2141745	2143882	2151772	2159237	2165613	2169161	2175593	2192041	2205038	2216396 
NR	T	TOTAL	BG42	1445836	1453619	1462348	1471107	1480425	1490886	1500519	1511816	1523752	1536257	1549365	1562484	1576760	1592164	1677844	1683544	1690115	1699884	1710550	1719250	1725247	1728794	1729496	1765403	1788542	1820574 
NR	T	TOTAL	CH	8237666	8139631	8039060	7954662	7870134 b	7785806	7701856	7593494	7508739	7459128	7415102	7364148	7313853	7255653	7204055	7164444	7123537	7096465	7081346	7062354	7019019	6968570	6907959	6842768	6750693	6673850 
NR	T	TOTAL	CH0	8237666	8139631	8039060	7954662	7870134 b	7785806	7701856	7593494	7508739	7459128	7415102	7364148	7313853	7255653	7204055	7164444	7123537	7096465	7081346	7062354	7019019	6968570	6907959	6842768	6750693	6673850 
NR	T	TOTAL	CH01	1570594	1545817	1519189	1503500	1483680 b	1462210	1437592	1408796	1389988	1376306	1362754	1348106	1331131	1317017	1305284	1294974	1284981	1278174	1273374	1272434	1263139	1251055	1239307	1226417	1207895	: 
NR	T	TOTAL	CH02	1826251	1808480	1788791	1770429	1755696 b	1741923	1730412	1715800	1703966	1696509	1690135	1681531	1675111	1667070	1658575	1656109	1651269	1644527	1643751	1640214	1634467	1644220	1633795	1622455	1606285	: 
NR	T	TOTAL	CH03	1117158	1104353	1091302	1079913	1070820 b	1060753	1049518	1035934	1026801	1021034	1017180	1011729	1005450	997850	992009	987699	983728	982386	980489	976977	971427	951258	941764	934798	918179	: 
NR	T	TOTAL	CH04	1446354	1425538	1408575	1392396	1373068 b	1351297	1332727	1307567	1284052	1272590	1261810	1249893	1241312	1226931	1211647	1198569	1187609	1181614	1178848	1175457	1168567	1162083	1158077	1151718	1150546	: 
NR	T	TOTAL	CH05	1144572	1134781	1123672	1113929	1103641 b	1094202	1085698	1073904	1065253	1061852	1059586	1056524	1051164	1045895	1043836	1041863	1038600	1036181	1036625	1033084	1027485	1017546	1005266	992243	971013	: 
NR	T	TOTAL	CH06	782374	774123	765879	757552	749476 b	739701	733173	722913	713828	708561	703706	699050	694429	688362	682489	676732	671171	667995	663429	658989	651803	644453	635642	625137	610050	: 
NR	T	TOTAL	CH07	350363	346539	341652	336943	333753 b	335720	332736	328580	324851	322276	319931	317315	315256	312528	310215	308498	306179	305588	304830	305199	302131	297955	294108	290000	286725	: 
NR	T	TOTAL	CY	847008	858000	865878	862011	839751	819140 b	796930	776333	757916	744013	733067	722893	713720	705539	697549	690497	682862	675215	666313	656333	645399	632944	619231	603069	587141	572655 
NR	T	TOTAL	CY0	847008	858000	865878	862011	839751	819140 b	796930	776333	757916	744013	733067	722893	713720	705539	697549	690497	682862	675215	666313	656333	645399	632944	619231	603069	587141	572655 
NR	T	TOTAL	CY00	847008	858000	865878	862011	839751	819140 b	796930	776333	757916	744013	733067	722893	713720	705539	697549	690497	682862	675215	666313	656333	645399	632944	619231	603069	587141	572655 
NR	T	TOTAL	CZ	10538275	10512419	10516125	10505445	10486731	10462088	10425783	10343422	10254233	10223577	10198855	10195347	10192649	10201182	10232027	10278098	10289621	10299125	10309137	10321344	10333161	10334013	10325697	10312548	10304607	10362102 
NR	T	TOTAL	CZ0	10538275	10512419	10516125	10505445	10486731	10462088	10425783	10343422	10254233	10223577	10198855	10195347	10192649	10201182	10232027	10278098	10289621	10299125	10309137	10321344	10333161	10334013	10325697	10312548	10304607	10362102 
NR	T	TOTAL	CZ01	1259079	1243201	1246780	1241664	1234037	1227932	1214300	1195521	1173933	1169892	1161334	1158738	1157443	1157876	1170476	1186855	1193270	1200455	1204953	1209855	1214584	1217023	1217315	1216889	:	: 
NR	T	TOTAL	CZ02	1315299	1302336	1291816	1279345	1264986	1247330	1230405	1201524	1174964	1157881	1143925	1135690	1128603	1123895	1121591	1111354	1108465	1105964	1105234	1106738	1108007	1108935	1110114	1111244	:	: 
NR	T	TOTAL	CZ03	1212423	1210176	1209298	1207847	1207027	1205834	1202477	1191156	1181719	1176931	1173457	1174257	1173537	1173715	1176097	1177982	1179187	1179839	1181005	1182277	1183736	1183471	1181934	1181555	:	: 
NR	T	TOTAL	CZ04	1123265	1125429	1128490	1131191	1132252	1133425	1134887	1130335	1120755	1121590	1122142	1121756	1121734	1122089	1124813	1131974	1131683	1130789	1130368	1130160	1130267	1129990	1129161	1127613	:	: 
NR	T	TOTAL	CZ05	1506813	1506503	1507980	1508867	1508735	1506467	1503865	1494631	1485575	1481215	1478378	1479468	1481433	1483483	1487400	1489407	1490914	1491424	1492317	1492873	1493626	1493970	1491757	1488681	:	: 
NR	T	TOTAL	CZ06	1682748	1680287	1679857	1678250	1675872	1671993	1666778	1657593	1646898	1643258	1642020	1641297	1640225	1643202	1647278	1658761	1660441	1661341	1662657	1664018	1665042	1664136	1662566	1659514	:	: 
NR	T	TOTAL	CZ07	1220972	1222655	1225302	1227668	1229117	1229931	1230437	1229618	1227080	1227045	1228319	1231188	1233376	1236388	1239089	1240355	1241750	1243377	1245190	1246421	1252299	1251383	1249343	1246021	:	: 
NR	T	TOTAL	CZ08	1217676	1221832	1226602	1230613	1234705	1239176	1242634	1243044	1243309	1245765	1249280	1252953	1256298	1260534	1265283	1281410	1283911	1285936	1287413	1289002	1285600	1285105	1283507	1281031	:	: 
NR	T	TOTAL	DE	81197537	80767463	80523746	80327900	80222065 b	81802257	82002356	82217837	82314906	82437995	82500849	82531671	82536680	82440309	82259540	82163475	82037011	82057379	82012162	81817499	81538603	81338091	80974645	80274587	79753180	79103532 
NR	T	TOTAL	DE1	10716644	10631278	10569111	10512441	10478505 b	10744921	10749506	10749755	10738753	10735701	10717419	10692556	10661320	10600906	10524415	10475932	10426040	10396610	10374505	10319367	10272069	10234033	10148709	10001843	9822049	9618706 
NR	T	TOTAL	DE11	4008288	3972881	3947568	3924922	3910637 b	4000848	4006313	4007095	4005380	4007373	4003172	3994612	3985000	3964162	3935352	3917305	3898171	3888668	3881961	3862311	3841565	3832123	3807445	3751156	3683101	3609977 
NR	T	TOTAL	DE12	2721266	2702831	2686573	2671524	2663588 b	2740503	2740164	2739274	2734260	2732455	2727733	2722550	2716682	2701376	2684425	2676257	2666127	2660608	2656721	2644430	2645136	2636944	2612810	2577284	2532481	2484034 
NR	T	TOTAL	DE13	2191622	2174500	2162340	2150906	2142723 b	2196018	2195681	2196410	2193178	2190727	2185027	2178813	2170481	2156851	2137625	2125364	2114486	2106615	2099757	2087042	2071050	2058645	2041044	2012896	1977860	1934781 
NR	T	TOTAL	DE14	1795468	1781066	1772630	1765089	1761557 b	1807552	1807348	1806976	1805935	1805146	1801487	1796581	1789157	1778517	1767013	1757006	1747256	1740719	1736066	1725584	1714318	1706321	1687410	1660507	1628607	1589914 
NR	T	TOTAL	DE2	12691568	12604244	12519571	12443372	12383404 b	12510331	12519728	12520332	12492658	12468726	12443893	12423386	12387351	12329714	12230255	12154967	12086548	12066375	12043869	11993484	11921944	11863353	11770287	11595971	11448899	11220738 
NR	T	TOTAL	DE21	4519979	4469342	4415649	4363176	4313946 b	4346465	4335137	4313446	4279112	4238195	4211118	4195673	4169657	4138402	4083077	4033643	3996043	3991937	3991576	3978123	3959400	3948153	3919109	3848132	3801482	3721332 
NR	T	TOTAL	DE22	1197558	1189153	1181472	1175923	1172475 b	1189194	1191910	1194138	1193820	1196923	1196178	1194472	1191476	1185467	1176206	1170170	1162972	1158310	1151960	1143387	1131529	1120898	1109216	1092944	1078128	1057436 
NR	T	TOTAL	DE23	1082761	1077991	1074738	1072091	1071424 b	1081417	1083780	1086684	1087939	1089543	1090289	1089826	1088929	1085609	1079217	1074338	1069121	1064702	1060014	1054474	1047267	1040561	1032218	1020423	1009017	991309 
NR	T	TOTAL	DE24	1055955	1056365	1058711	1061573	1065322 b	1076400	1082516	1088845	1094525	1101390	1106541	1109674	1112655	1113788	1113251	1114155	1113790	1113674	1113612	1110477	1104494	1100241	1094271	1083982	1074866	1055822 
NR	T	TOTAL	DE25	1715195	1707376	1698515	1688414	1679849 b	1710145	1712405	1714123	1712622	1712275	1708972	1706615	1703869	1698343	1689066	1683282	1678535	1677515	1674282	1667254	1660294	1652252	1641331	1621514	1598857	1566070 
NR	T	TOTAL	DE26	1298849	1297992	1297727	1299076	1302144 b	1321957	1327497	1334767	1337876	1341481	1344629	1344740	1344300	1340912	1335991	1333803	1329399	1327318	1323132	1317652	1308151	1299951	1289657	1273415	1259010	1234906 
NR	T	TOTAL	DE27	1821271	1806025	1792759	1783119	1778244 b	1784753	1786483	1788329	1786764	1788919	1786166	1782386	1776465	1767193	1753447	1745576	1736688	1732919	1729293	1722117	1710809	1701297	1684485	1655561	1627539	1593863 
NR	T	TOTAL	DE3	3469849	3421829	3375222	3326002	3278346 b	3442675	3431675	3416255	3404037	3395189	3387828	3388477	3392425	3388434	3382169	3386667	3398822	3425759	3458763	3471418	3472009	3475386	3465751	3446026	3433693	3400426 
NR	T	TOTAL	DE30	3469849	3421829	3375222	3326002	3278346 b	3442675	3431675	3416255	3404037	3395189	3387828	3388477	3392425	3388434	3382169	3386667	3398822	3425759	3458763	3471418	3472009	3475386	3465751	3446026	3433693	3400426 
NR	T	TOTAL	DE4	2457872	2449193	2449511	2453180	2461242 b	2511525	2522493	2535737	2547772	2559483	2567704	2574521	2582379	2593040	2601962	2601207	2590375	2573291	2554441	2542042	2536747	2537605	2542642	2542645	2578298	2641152 
NR	T	TOTAL	DE40	2457872	2449193	2449511	2453180	2461242 b	2511525	2522493	2535737	2547772	2559483	2567704	2574521	2582379	2593040	2601962	2601207	2590375	2573291	2554441	2542042	2536747	2537605	2542642	2542645	2578298	2641152 
NR	T	TOTAL	DE5	661888	657391	654774	652182	651467 b	661716	661866	663082	663979	663467	663213	663129	662098	659651	660225	663065	667965	673883	677770	679757	680029	683097	685840	683694	681648	673680 
NR	T	TOTAL	DE50	661888	657391	654774	652182	651467 b	661716	661866	663082	663979	663467	663213	663129	662098	659651	660225	663065	667965	673883	677770	679757	680029	683097	685840	683694	681648	673680 
NR	T	TOTAL	DE6	1762791	1746342	1734272	1718187	1705700 b	1774224	1772100	1770629	1754182	1743627	1734830	1734083	1728806	1726363	1715392	1704735	1700089	1704731	1707986	1707901	1705872	1702889	1688789	1668758	1652360	1626222 
NR	T	TOTAL	DE60	1762791	1746342	1734272	1718187	1705700 b	1774224	1772100	1770629	1754182	1743627	1734830	1734083	1728806	1726363	1715392	1704735	1700089	1704731	1707986	1707901	1705872	1702889	1688789	1668758	1652360	1626222 
NR	T	TOTAL	DE7	6093888	6045425	6016481	5993771	5969408 b	6061951	6064953	6072555	6075359	6092354	6097765	6089428	6091618	6077826	6068129	6051966	6035137	6031705	6027284	6009913	5980693	5967329	5922678	5837339	5763293	5660620 
NR	T	TOTAL	DE71	3863818	3822479	3791381	3763611	3734199 b	3792941	3784767	3780232	3772906	3778124	3775025	3762995	3761749	3746852	3737589	3719354	3703089	3697606	3694537	3684624	3669956	3671031	3649645	3596111	3547188	3491419 
NR	T	TOTAL	DE72	1029020	1023150	1023277	1025525	1027159 b	1044269	1048683	1053259	1057553	1061323	1064228	1065467	1065909	1065028	1063538	1063503	1060951	1060847	1060367	1055882	1049136	1042537	1032082	1016070	1003269	981501 
NR	T	TOTAL	DE73	1201050	1199796	1201823	1204635	1208050 b	1224741	1231503	1239064	1244900	1252907	1258512	1260966	1263960	1265946	1267002	1269109	1271097	1273252	1272380	1269407	1261601	1253761	1240951	1225158	1212836	1187700 
NR	T	TOTAL	DE8	1599138	1596505	1600327	1606899	1614789 b	1651216	1664356	1679682	1693754	1707266	1719653	1732226	1744624	1759877	1775703	1789322	1798689	1807799	1817196	1823084	1832298	1843474	1864971	1891685	1923918	1963909 
NR	T	TOTAL	DE80	1599138	1596505	1600327	1606899	1614789 b	1651216	1664356	1679682	1693754	1707266	1719653	1732226	1744624	1759877	1775703	1789322	1798689	1807799	1817196	1823084	1832298	1843474	1864971	1891685	1923918	1963909 
NR	T	TOTAL	DE9	7826739	7790559	7778995	7774253	7778828 b	7928815	7947244	7971684	7982685	7993946	8000909	7993415	7980472	7956416	7926193	7898760	7865840	7845398	7815148	7780422	7715363	7647994	7577531	7475809	7387257	7283800 
NR	T	TOTAL	DE91	1579754	1574936	1574527	1575968	1579623 b	1616720	1623649	1633318	1641776	1650435	1658918	1662595	1665368	1666864	1668603	1669634	1669708	1673828	1677842	1679640	1678659	1674726	1670253	1655379	1639872	1614203 
NR	T	TOTAL	DE92	2108413	2099079	2094931	2093431	2093945 b	2142440	2149181	2156841	2160253	2163919	2166626	2167157	2167876	2163904	2158307	2152759	2148713	2150450	2146742	2138965	2130480	2120525	2108598	2081705	2060670	2032401 
NR	T	TOTAL	DE93	1677715	1670199	1667332	1667127	1669999 b	1693654	1696643	1701132	1702938	1704133	1702971	1698434	1692192	1683438	1672467	1660653	1645896	1630776	1616321	1602126	1581074	1560496	1535496	1512421	1491276	1467422 
NR	T	TOTAL	DE94	2460857	2446345	2442205	2437727	2435261 b	2476001	2477771	2480393	2477718	2475459	2472394	2465229	2455036	2442210	2426816	2415714	2401523	2390344	2374243	2359691	2325150	2292247	2263184	2226304	2195439	2169774 
NR	T	TOTAL	DEA	17638098	17571856	17554329	17544938	17545192 b	17872763	17933064	17996621	18028745	18058105	18075352	18079686	18076355	18052092	18009865	17999800	17975516	17974487	17947715	17893045	17816079	17759313	17679174	17509873	17349613	17103584 
NR	T	TOTAL	DEA1	5108290	5088748	5081061	5077103	5081231 b	5172839	5191042	5208288	5217129	5226648	5237855	5245132	5249280	5255328	5254317	5264468	5269171	5284861	5290935	5290584	5287352	5289018	5293259	5253128	5220445	5167713 
NR	T	TOTAL	DEA2	4361724	4333015	4315912	4299064	4282911 b	4383044	4386271	4391062	4384669	4378622	4363797	4350368	4331419	4309953	4281548	4263675	4249413	4235903	4216305	4188583	4162040	4141571	4113462	4068166	4025321	3963108 
NR	T	TOTAL	DEA3	2580664	2574148	2572390	2572221	2568358 b	2597636	2605365	2614361	2619372	2622623	2624489	2625745	2625637	2620240	2612301	2608779	2600471	2595115	2586577	2573490	2558277	2546965	2531918	2504851	2476464	2437782 
NR	T	TOTAL	DEA4	2029648	2024392	2025415	2027126	2031337 b	2043212	2050638	2059198	2065413	2069758	2072488	2071803	2069290	2063244	2055795	2048620	2041343	2035907	2026660	2012908	1991074	1975129	1953995	1924838	1895396	1849741 
NR	T	TOTAL	DEA5	3557772	3551553	3559551	3569424	3581355 b	3676032	3699748	3723712	3742162	3760454	3776723	3786638	3800729	3803327	3805904	3814258	3815118	3822701	3827238	3827480	3817336	3806630	3786540	3758890	3731987	3685240 
NR	T	TOTAL	DEB	4011582	3994366	3990278	3990033	3994185 b	4012675	4028351	4045643	4052860	4058843	4061105	4058682	4057727	4049066	4034557	4030773	4024969	4017828	4000567	3977919	3951573	3925858	3880951	3821258	3763534	3701657 
NR	T	TOTAL	DEB1	1477202	1474378	1476237	1480166	1486160 b	1490711	1499457	1507919	1513939	1521494	1527507	1527919	1527611	1524695	1519561	1516237	1512283	1507807	1499680	1489931	1476996	1463553	1445016	1422594	1402068	1377003 
NR	T	TOTAL	DEB2	521863	519136	518289	518370	518554 b	513794	515322	515972	515819	513363	513861	513755	513702	512990	511754	511548	510507	509134	507667	505375	502475	498972	494291	489051	484041	477962 
NR	T	TOTAL	DEB3	2012517	2000852	1995752	1991497	1989471 b	2008170	2013572	2021752	2023102	2023986	2019737	2017008	2016414	2011381	2003242	2002988	2002179	2000887	1993220	1982613	1972102	1963333	1941644	1909613	1877425	1846692 
NR	T	TOTAL	DEC	989035	990718	994287	997855	1001879 b	1022585	1030324	1036598	1043167	1050293	1056417	1061376	1064988	1066470	1068703	1071501	1074223	1080790	1084184	1084370	1084201	1084517	1084015	1076882	1072960	1064907 
NR	T	TOTAL	DEC0	989035	990718	994287	997855	1001879 b	1022585	1030324	1036598	1043167	1050293	1056417	1061376	1064988	1066470	1068703	1071501	1074223	1080790	1084184	1084370	1084201	1084517	1084015	1076882	1072960	1064907 
NR	T	TOTAL	DED	4055274	4046385	4050204	4054182	4066256 b	4168732	4192801	4220200	4249774	4273754	4296284	4321437	4349059	4384192	4425581	4459686	4489415	4522412	4545702	4566603	4584345	4607643	4640979	4678911	4764273	4900675 
NR	T	TOTAL	DED2	1592765	1590927	1591320	1591710	1594568 b	1631486	1638111	1646716	1657114	1662482	1667676	1674343	1683138	1695745	1712562	1724703	1735992	1747721	1755467	1761287	1763956	:	:	:	:	: 
NR	T	TOTAL	DED4	1463341	1468954	1480210	1491442	1505254 b	:	:	:	:	:	:	:	:	:	:	:	:	:	:	:	:	:	:	:	:	: 
NR	T	TOTAL	DED5	999168	986504	978674	971030	966434 b	:	:	:	:	:	:	:	:	:	:	:	:	:	:	:	:	:	:	:	:	: 
NR	T	TOTAL	DEE	2235548	2244577	2259393	2276736	2297386 b	2356219	2381872	2412472	2441787	2469716	2494437	2522941	2548911	2580626	2615375	2648737	2674490	2701690	2723620	2738928	2759213	2777949	2796969	2823307	2873919	2964971 
NR	T	TOTAL	DEE0	2235548	2244577	2259393	2276736	2297386 b	2356219	2381872	2412472	2441787	2469716	2494437	2522941	2548911	2580626	2615375	2648737	2674490	2701690	2723620	2738928	2759213	2777949	2796969	2823307	2873919	2964971 
NR	T	TOTAL	DEF	2830864	2815955	2806531	2802266	2800134 b	2832027	2834260	2837373	2834254	2832950	2828760	2823171	2816507	2804249	2789761	2777275	2766057	2756473	2742293	2725461	2708392	2694888	2679572	2648540	2626140	2594608 
NR	T	TOTAL	DEF0	2830864	2815955	2806531	2802266	2800134 b	2832027	2834260	2837373	2834254	2832950	2828760	2823171	2816507	2804249	2789761	2777275	2766057	2756473	2742293	2725461	2708392	2694888	2679572	2648540	2626140	2594608 
NR	T	TOTAL	DEG	2156759	2160840	2170460	2181603	2195344 b	2249882	2267763	2289219	2311140	2334575	2355280	2373157	2392040	2411387	2431255	2449082	2462836	2478148	2491119	2503785	2517776	2532763	2545787	2572046	2611326	2683877 
NR	T	TOTAL	DEG0	2156759	2160840	2170460	2181603	2195344 b	2249882	2267763	2289219	2311140	2334575	2355280	2373157	2392040	2411387	2431255	2449082	2462836	2478148	2491119	2503785	2517776	2532763	2545787	2572046	2611326	2683877 
NR	T	TOTAL	DK	5659715	5627235	5602628	5580516	5560628	5534738	5511451	5475791	5447084	5427459	5411405	5397640	5383507	5368354	5349212	5330020	5313577	5294860	5275121	5251027	5215718	5196642	5180614	5162126	5146469	5135409 
NR	T	TOTAL	DK0	5659715	5627235	5602628	5580516	5560628	5534738	5511451	5475791	5447084	5427459	5411405	5397640	5383507	5368354	5349212	5330020	5313577	5294860	5275121	5251027	5215718	5196642	5180614	5162126	5146469	5135409 
NR	T	TOTAL	DK01	1768125	1749405	1732068	1714589	1699387	1680271	1662285	1645825	1636749	:	:	:	:	:	:	:	:	:	:	:	:	:	:	:	:	: 
NR	T	TOTAL	DK02	820480	816726	816359	817907	819763	820564	821252	819427	816118	:	:	:	:	:	:	:	:	:	:	:	:	:	:	:	:	: 
NR	T	TOTAL	DK03	1205728	1202509	1201419	1201342	1200656	1200277	1199667	1194659	1189817	:	:	:	:	:	:	:	:	:	:	:	:	:	:	:	:	: 
NR	T	TOTAL	DK04	1282750	1277538	1272510	1266682	1260993	1253998	1247732	1237041	1227428	:	:	:	:	:	:	:	:	:	:	:	:	:	:	:	:	: 
NR	T	TOTAL	DK05	582632	581057	580272	579996	579829	579628	580515	578839	576972	:	:	:	:	:	:	:	:	:	:	:	:	:	:	:	:	: 
NR	T	TOTAL	EE	1313271	1315819	1320174	1325217	1329660	1333290	1335740	1338440	1342920	1350700	1358850	1366250	1375190	1383510	1392720	1401250	1379237	1393074	1405996	1425192	1448075	1476952	1511303	1554878	1567749	1570599 
NR	T	TOTAL	EE0	1313271	1315819	1320174	1325217	1329660	1333290	1335740	1338440	1342920	1350700	1358850	1366250	1375190	1383510	1392720	1401250	1379237	1393074	1405996	1425192	1448075	1476952	1511303	1554878	1567749	1570599 
NR	T	TOTAL	EE00	1313271	1315819	1320174	1325217	1329660	1333290	1335740	1338440	1342920	1350700	1358850	1366250	1375190	1383510	1392720	1401250	1379237	1393074	1405996	1425192	1448075	1476952	1511303	1554878	1567749	1570599 
NR	T	TOTAL	EFTA	13770625	13610401	13449030	13296582	13145040 b	12997529	12856065	12681480	12532713	12434143	12349642	12266469	12188439	12099819	12023715	11954416	11876593	11817765	11775077	11731192	11665036	11588759	11499380	11405515	11291916	11189203 
NR	T	TOTAL	EL	10858018	10926807	11003615	11086406	11123392	11119289	11094745	11060937	11036008	11004716	10969912	10940369	10915770	10888274	10835989	10775627	10747768	10693250	10629267	10588332	10535973	10489871	10430958	10367163	10272691	10120892 
NR	T	TOTAL	EL3	3822843	3863763	3912849	3963887	3992912	4002871	3999457	3990727	3982602	3971441	3952793	3935254	3916875	3894259	3895899	3871527	3857302	3831464	3802708	3782407	3755616	3730628	3700526	3665865	3612748	3533023 
NR	T	TOTAL	EL30	3822843	3863763	3912849	3963887	3992912	4002871	3999457	3990727	3982602	3971441	3952793	3935254	3916875	3894259	3895899	3871527	3857302	3831464	3802708	3782407	3755616	3730628	3700526	3665865	3612748	3533023 
NR	T	TOTAL	EL4	1164073	1164272	1164215	1164738	1161958	1155944	1149649	1141344	1134650	1128581	1121465	1114399	1109833	1105097	1087658	1078457	1071911	1064508	1055401	1046120	1035501	1027223	1019007	1010932	996348	973960 
NR	T	TOTAL	EL41	197695	198581	199478	200591	200831	200179	199517	198675	198191	199187	199177	199160	199375	199375	196774	196904	197415	198142	198782	199086	198878	199226	200088	201249	202907	191923 
NR	T	TOTAL	EL42	334865	334802	334652	334780	333983	332652	331815	329525	327471	324712	321798	318813	317315	315878	311212	305954	301961	297434	292262	286632	280421	275888	270920	265804	254971	249156 
NR	T	TOTAL	EL43	631513	630889	630085	629367	627144	623113	618317	613144	608988	604682	600490	596426	593143	589844	579672	575599	572535	568932	564357	560402	556202	552109	547999	543879	538470	532881 
NR	T	TOTAL	EL5	3115933	3131326	3147178	3164162	3169412	3164428	3154458	3142421	3132848	3120409	3107860	3096001	3084854	3071673	3056832	3035844	3029190	3011571	2990427	2979124	2964367	2951444	2934735	2919145	2909430	: 
NR	T	TOTAL	EL51	606490	608214	610102	612074	611573	610112	608639	605411	602965	600034	597258	594512	592085	589489	584283	582750	582635	581443	579075	579792	576350	574716	573890	573249	572736	: 
NR	T	TOTAL	EL52	1893878	1903360	1912624	1922590	1925437	1921906	1913980	1905904	1899242	1890244	1880517	1871566	1862475	1852039	1846753	1828425	1820514	1804842	1787395	1775368	1763273	1752491	1737962	1725005	1716604	: 
NR	T	TOTAL	EL53	276423	278706	281324	284061	285899	286450	286672	286696	286855	287215	287631	287800	288125	287813	286007	287156	288888	289817	290252	291160	291394	291857	291794	291812	290700	: 
NR	T	TOTAL	EL54	339142	341046	343128	345437	346503	345960	345167	344410	343786	342916	342454	342123	342169	342332	339789	337513	337153	335469	333705	332804	333350	332380	331089	329079	329390	: 
NR	T	TOTAL	EL6	2755169	2767446	2779373	2793619	2799110	2796046	2791181	2786445	2785908	2784285	2787794	2794715	2804208	2817245	2795600	2789799	2789365	2785707	2780731	2780681	2780489	2780576	2776690	2771221	2754165	: 
NR	T	TOTAL	EL61	733663	737686	741593	745839	747690	746976	745569	743919	743210	741765	741599	742574	743648	745339	739503	739421	740603	740666	740286	740541	740298	740145	739239	737897	734763	: 
NR	T	TOTAL	EL62	207059	207664	208241	209131	209221	208675	208161	207508	207149	206703	206688	206877	207415	208075	205299	203658	202741	201027	199106	198097	196987	196482	195196	193943	189847	: 
NR	T	TOTAL	EL63	673263	677727	682583	687935	690904	692269	692990	693549	694901	696051	697975	700215	703115	706346	706491	707200	708256	709273	708263	708251	708189	707666	705916	703526	699166	: 
NR	T	TOTAL	EL64	557753	559214	560093	561670	561693	559655	557291	555577	555149	554659	555282	556835	559105	562848	556263	553882	553155	551830	550474	551316	552208	553172	553594	553910	552070	: 
NR	T	TOTAL	EL65	583431	585155	586863	589044	589602	588471	587170	585892	585499	585107	586250	588214	590925	594637	588044	585638	584610	582911	582602	582476	582807	583111	582745	581945	578319	: 
NR	T	TOTAL	ES	46449565	46512199	46727890	46818219	46667174	46486619	46239273	45668939	44784666	44009971	43296338	42547451	41827838	41035278	40665545	40470182	40303568	40143449	39971329	39808374	39639726	39458489	39264034	39051336	38881416	38853227 
NR	T	TOTAL	ES1	4369890	4393883	4419822	4438607	4440147	4438080	4428402	4403112	4374557	4354637	4338130	4322012	4309136	4295881	4297107	4304175	4313116	4321020	4328195	4336670	4344299	4349164	4352051	4353277	4358682	4381920 
NR	T	TOTAL	ES11	2734656	2747226	2761989	2771916	2773411	2772466	2767469	2754766	2741074	2730107	2720689	2711586	2705159	2696809	2698025	2702471	2707901	2712444	2717003	2722355	2727113	2730117	2731249	2731875	2735558	2751383 
NR	T	TOTAL	ES12	1049875	1058975	1067797	1074308	1075869	1077102	1076276	1071079	1065287	1063488	1062753	1062412	1062326	1062786	1064851	1068287	1072219	1076012	1079198	1082714	1086001	1088497	1091116	1092874	1095557	1102849 
NR	T	TOTAL	ES13	585359	587682	590036	592383	590867	588512	584657	577267	568196	561042	554688	548014	541651	536286	534231	533417	532996	532564	531994	531601	531185	530550	529686	528528	527567	527688 
NR	T	TOTAL	ES2	4441474	4450140	4472917	4489468	4485479	4476659	4463939	4417748	4347797	4296092	4252747	4208305	4170715	4128238	4112359	4106942	4104176	4101909	4098423	4096039	4093995	4090342	4086361	4080396	4079052	4092834 
NR	T	TOTAL	ES21	2165100	2167166	2177006	2184696	2183136	2179521	2174077	2159415	2142602	2127689	2115260	2103103	2092644	2082896	2082971	2084535	2086864	2089757	2091894	2094857	2097947	2100382	2102202	2103318	2106405	2116888 
NR	T	TOTAL	ES22	636402	636450	638948	640014	637100	633023	627286	616710	602835	592137	584365	576346	567892	557456	552060	548379	544948	541557	538100	534844	531732	528520	525349	522071	519500	519631 
NR	T	TOTAL	ES23	313569	315223	318647	320951	320858	319934	319788	316197	308117	302703	298045	291082	284607	277989	275313	273828	272665	271423	270184	269078	268055	266807	265665	264477	263376	263021 
NR	T	TOTAL	ES24	1326403	1331301	1338316	1343807	1344385	1344181	1342788	1325426	1294243	1273563	1255077	1237774	1225572	1209897	1202015	1200200	1199699	1199172	1198245	1197260	1196261	1194633	1193145	1190530	1189771	1193294 
NR	T	TOTAL	ES3	6385298	6378297	6414620	6425522	6394252	6373546	6327559	6226185	6075013	5953546	5866219	5766554	5638804	5478611	5379087	5329606	5284618	5242444	5198753	5157603	5116658	5074384	5030383	4984663	4947735	4937156 
NR	T	TOTAL	ES30	6385298	6378297	6414620	6425522	6394252	6373546	6327559	6226185	6075013	5953546	5866219	5766554	5638804	5478611	5379087	5329606	5284618	5242444	5198753	5157603	5116658	5074384	5030383	4984663	4947735	4937156 
NR	T	TOTAL	ES4	5632469	5667307	5713936	5747956	5746664	5731479	5710293	5663215	5567286	5487080	5426910	5369049	5321117	5276021	5274492	5275355	5279038	5282770	5282994	5284410	5284029	5281661	5278415	5272242	5270620	5285311 
NR	T	TOTAL	ES41	2478079	2495689	2518560	2537685	2545301	2547401	2549172	2541720	2514206	2494698	2482797	2471132	2463616	2454754	2463479	2472869	2483618	2494206	2502823	2512008	2520690	2528348	2535358	2541467	2548508	2559546 
NR	T	TOTAL	ES42	2062767	2075197	2094406	2105935	2099064	2084468	2066428	2031840	1971208	1917445	1874017	1833543	1797150	1763477	1752002	1742456	1733813	1725584	1716289	1707702	1698263	1688537	1678672	1667663	1659371	1660507 
NR	T	TOTAL	ES43	1091623	1096421	1100970	1104336	1102299	1099610	1094693	1089655	1081872	1074937	1070096	1064374	1060351	1057790	1059011	1060030	1061607	1062980	1063882	1064700	1065076	1064776	1064385	1063112	1062741	1065258 
NR	T	TOTAL	ES5	13461637	13488505	13578044	13625356	13584119	13536798	13478543	13282098	12958491	12662186	12378095	12067654	11762375	11417897	11280460	11204230	11138927	11075081	11011384	10949013	10886751	10822864	10756106	10684985	10626406	10611855 
NR	T	TOTAL	ES51	7396991	7416237	7480921	7514991	7493263	7463488	7427092	7311146	7151682	7010859	6870811	6712748	6556900	6380492	6314849	6283101	6257793	6233350	6208373	6184327	6161209	6136308	6110576	6082495	6061507	6064741 
NR	T	TOTAL	ES52	4939674	4956427	4987011	5009650	4999192	4989631	4981284	4928095	4801628	4681033	4567163	4441941	4322066	4192277	4135183	4103816	4076380	4049388	4022992	3996734	3969401	3942324	3913214	3882777	3855982	3841820 
NR	T	TOTAL	ES53	1124972	1115841	1110112	1100715	1091664	1083679	1070167	1042857	1005181	970294	940121	912965	883409	845128	830428	817313	804754	792343	780019	767952	756141	744232	732316	719713	708917	705294 
NR	T	TOTAL	ES6	10032653	10019222	10023317	10005372	9951642	9884894	9805047	9684627	9515445	9356812	9181079	9009635	8869993	8734780	8644057	8590812	8543352	8497403	8446930	8397995	8345945	8290654	8230190	8165167	8106086	8060622 
NR	T	TOTAL	ES61	8399618	8388875	8393175	8377810	8332080	8276008	8212968	8118570	7986600	7865788	7730696	7596534	7490871	7391401	7323031	7285992	7253141	7221919	7186527	7152485	7115498	7074929	7030276	6981694	6937107	6898939 
NR	T	TOTAL	ES62	1463773	1461803	1461983	1461925	1459075	1453543	1441787	1419563	1385717	1351106	1313496	1276816	1242626	1206614	1184118	1169114	1155675	1142030	1128146	1114394	1100679	1087209	1072937	1058075	1044764	1037838 
NR	T	TOTAL	ES63	84692	84674	84539	83845	81621	79294	76927	75250	74161	72807	71977	71538	71109	70868	71183	70855	70547	70311	69990	69735	69318	68957	68449	67981	67610	67466 
NR	T	TOTAL	ES64	84570	83870	83620	81792	78866	76049	73365	71244	68967	67111	64910	64747	65387	65897	65725	64851	63989	63143	62267	61381	60450	59559	58528	57417	56605	56379 
NR	T	TOTAL	ES7	2126144	2114845	2105234	2085938	2064871	2045163	2025490	1991954	1946077	1899618	1853158	1804242	1755698	1703850	1677983	1659062	1640341	1622822	1604650	1586644	1568049	1549420	1530528	1510606	1492835	1483529 
NR	T	TOTAL	ES70	2126144	2114845	2105234	2085938	2064871	2045163	2025490	1991954	1946077	1899618	1853158	1804242	1755698	1703850	1677983	1659062	1640341	1622822	1604650	1586644	1568049	1549420	1530528	1510606	1492835	1483529 
NR	T	TOTAL	EU27	504225540 bep	502697266 ep	500904699	499784361 b	498674980 b	498867771 b	497780439	495985066	493987245	492124110	490287461	488250073	486386194	484657212	483945121 b	482752787	482042615	481333083 b	478972328	478148229	477238131	476241118	474999539	473323027	472054058	470415155 
NR	T	TOTAL	EU28	508450856 bep	506944075 ep	505166839	504060345 b	502964837 b	503170618 b	502090235	500297033	498300775	496436597	494598322	492555798	490691578	488962706	488240527 b	487250522	486570074	485869895 b	483505356	482729396	481897024	480886273	479555310	477918893	476836237	475187711 
NR	T	TOTAL	FI	5471753	5451270	5426674	5401267	5375276	5351427	5326314	5300484	5276955	5255580	5236611	5219732	5206295	5194901	5181115	5171302	5159646	5147349	5132320	5116826	5098754	5077912	5054982	5029002	4998478	4974383 
NR	T	TOTAL	FI1	5442837	5422604	5398173	5372913	5347269	5323693	5298858	5273331	5250032	5228814	5210081	5193385	5180038	5168893	5155339	5145596	5134021	5121957	5107063	5091624	5073596	5052810	5029989	5004155	4973874	4950152 
NR	T	TOTAL	FI19	1377281	1374403	1370384	1365259	1360041	1355168	1349600	1344565	1338973	1334293	1330371	1325241	1321583	1319440	1317441	1317215	1317263	1316784	1316084	1314791	1313881	1311353	1308650	1304793	1300085	1295857 
NR	T	TOTAL	FI1B	1603388	1585473	1566835	1549058	1532309	1517542	1501511	1483719	1467453	1452083	1439400	1429869	1419938	1408525	1394199	1379712	1362634	1344989	1327243	1310680	1293573	1277609	1261807	1248072	1232236	1219864 
NR	T	TOTAL	FI1C	1161706	1161882	1161486	1159823	1157595	1154648	1152267	1149025	1146472	1143740	1141401	1139489	1137747	1136184	1134411	1134089	1133313	1132131	1130661	1130234	1129427	1127988	1126593	1123651	1119701	1116597 
NR	T	TOTAL	FI1D	1300462	1300846	1299468	1298773	1297324	1296335	1295480	1296022	1297134	1298698	1298909	1298786	1300770	1304744	1309288	1314580	1320811	1328053	1333075	1335919	1336715	1335860	1332939	1327639	1321852	1317834 
NR	T	TOTAL	FI2	28916	28666	28501	28354	28007	27734	27456	27153	26923	26766	26530	26347	26257	26008	25776	25706	25625	25392	25257	25202	25158	25102	24993	24847	24604	24231 
NR	T	TOTAL	FI20	28916	28666	28501	28354	28007	27734	27456	27153	26923	26766	26530	26347	26257	26008	25776	25706	25625	25392	25257	25202	25158	25102	24993	24847	24604	24231 
NR	T	TOTAL	FR	66415161 bp	65889148 p	65600350	65276983	64978721	64658856	64350226	64007193	63645065	63229635	62772870	62292241	61864088	61424036	60979315	60545022	60158533	58298962	58116018	57935959	57752535	57565008	57369161	57110533	56840661	56577000 
NR	T	TOTAL	FR1	12073914 p	12014814 p	11959807	11898502	11852851	11786234	11728240	11659260	11598866	11532398	11442143	11350290	11270074	11185563	11102824	11019991	10946012	10912622	10895427	10883848	10858975	10833223	10793414	10753276	10695556	10644665 
NR	T	TOTAL	FR10	12073914 p	12014814 p	11959807	11898502	11852851	11786234	11728240	11659260	11598866	11532398	11442143	11350290	11270074	11185563	11102824	11019991	10946012	10912622	10895427	10883848	10858975	10833223	10793414	10753276	10695556	10644665 
NR	T	TOTAL	FR2	10831746 p	10819249 p	10807749	10789084	10768854	10751395	10733962	10707873	10678796	10649457	10620966	10588961	10565815	10539266	10509872	10479387	10454824	10452257	10442246	10426094	10409438	10386572	10364707	10331653	10297700	10261997 
NR	T	TOTAL	FR21	1339661 p	1339253 p	1339008	1339270	1336053	1335923	1337953	1338004	1339487	1338850	1339400	1339597	1340851	1341635	1341878	1342007	1343266	1346318	1347927	1349022	1350114	1349476	1348898	1347817	1348133	1346963 
NR	T	TOTAL	FR22	1933196 p	1930095 p	1927142	1922342	1918155	1914844	1911157	1906601	1900354	1894355	1889028	1883409	1879079	1874316	1868759	1862938	1857981	1856335	1855412	1851969	1846150	1840447	1834923	1826282	1817666	1808968 
NR	T	TOTAL	FR23	1855105 p	1852494 p	1849652	1845547	1839393	1836954	1832942	1825667	1816716	1811055	1806677	1801791	1797924	1794099	1789406	1784575	1780502	1779392	1776332	1774450	1771034	1765765	1760144	1753445	1744497	1735969 
NR	T	TOTAL	FR24	2582374 p	2576196 p	2570548	2563586	2556835	2548065	2538590	2531588	2526919	2519567	2507246	2494279	2484288	2472978	2461778	2450121	2440295	2438205	2432034	2424326	2418315	2410394	2403487	2393043	2381407	2369808 
NR	T	TOTAL	FR25	1479552 p	1479105 p	1478712	1477209	1475684	1473494	1470880	1467425	1461429	1456793	1452425	1447429	1442916	1437801	1432400	1426928	1421947	1418774	1416140	1411452	1408316	1405337	1402650	1397801	1394761	1390890 
NR	T	TOTAL	FR26	1641858 p	1642106 p	1642687	1641130	1642734	1642115	1642440	1638588	1633891	1628837	1626190	1622456	1620757	1618437	1615651	1612818	1610833	1613233	1614401	1614875	1615509	1615153	1614605	1613265	1611236	1609399 
NR	T	TOTAL	FR3	4073657 p	4066697 p	4060741	4050756	4042015	4038157	4033197	4024490	4021676	4018644	4015613	4010548	4008628	4005577	4001142	3997864	3997467	3995437	3994535	3991531	3986346	3981783	3977782	3971196	3965393	3961703 
NR	T	TOTAL	FR30	4073657 p	4066697 p	4060741	4050756	4042015	4038157	4033197	4024490	4021676	4018644	4015613	4010548	4008628	4005577	4001142	3997864	3997467	3995437	3994535	3991531	3986346	3981783	3977782	3971196	3965393	3961703 
NR	T	TOTAL	FR4	5399928 p	5394859 p	5390476	5385369	5376422	5368370	5361373	5347379	5325800	5301866	5281614	5259759	5241576	5222535	5201564	5180376	5161496	5148465	5141742	5128917	5114503	5097394	5079892	5057882	5039448	5023528 
NR	T	TOTAL	FR41	2339019 p	2342053 p	2345197	2349816	2350657	2350920	2350112	2346361	2339881	2335749	2332468	2328136	2326019	2323026	2318791	2314909	2311655	2312566	2316244	2315782	2315488	2313867	2311514	2307592	2304714	2304291 
NR	T	TOTAL	FR42	1881725 p	1874608 p	1868183	1859869	1852325	1845687	1843053	1837087	1827248	1815493	1803402	1791145	1779575	1768054	1756078	1743955	1732588	1719985	1710779	1699339	1687475	1675733	1662967	1647964	1635430	1622810 
NR	T	TOTAL	FR43	1179184 p	1178198 p	1177096	1175684	1173440	1171763	1168208	1163931	1158671	1150624	1145744	1140478	1135982	1131455	1126695	1121512	1117253	1115914	1114719	1113796	1111540	1107794	1105411	1102326	1099304	1096427 
NR	T	TOTAL	FR5	8810820 p	8759495 p	8709338	8653702	8596653	8540924	8474687	8412579	8342662	8269070	8193283	8114881	8043396	7970874	7898136	7826984	7763770	7723784	7680737	7641424	7605721	7572382	7543413	7507285	7475621	7444731 
NR	T	TOTAL	FR51	3716068 p	3688401 p	3660852	3632614	3601113	3571495	3539048	3510170	3482594	3450413	3415391	3379784	3347675	3314649	3281679	3248994	3219960	3200459	3182305	3164039	3145757	3128438	3110784	3090225	3071600	3055197 
NR	T	TOTAL	FR52	3294302 p	3276395 p	3258707	3237097	3217767	3199066	3175064	3149701	3120288	3094534	3066585	3037077	3009249	2981765	2954324	2927612	2904075	2888237	2870354	2853664	2840680	2830583	2822722	2811473	2803483	2794317 
NR	T	TOTAL	FR53	1800450 p	1794699 p	1789779	1783991	1777773	1770363	1760575	1752708	1739780	1724123	1711307	1698020	1686472	1674460	1662133	1650378	1639735	1635088	1628078	1623721	1619284	1613361	1609907	1605587	1600538	1595217 
NR	T	TOTAL	FR6	7105466 p	7056384 p	7008555	6951195	6898725	6856879	6810629	6756596	6698138	6627520	6558756	6486076	6419832	6353828	6287932	6224726	6168494	6135161	6111194	6086732	6067468	6047971	6033567	6006602	5977498	5950151 
NR	T	TOTAL	FR61	3370936 p	3343852 p	3316889	3285970	3254233	3232352	3206137	3177625	3150890	3119778	3088196	3054587	3023922	2993132	2962914	2933223	2906748	2888793	2876822	2864475	2855720	2845808	2837490	2824048	2810508	2795610 
NR	T	TOTAL	FR62	3001073 p	2977212 p	2954157	2926592	2903420	2881756	2862707	2838228	2810247	2776822	2743073	2707583	2674559	2641980	2609222	2578254	2550275	2533766	2520325	2506942	2494806	2483633	2476375	2461633	2445108	2431081 
NR	T	TOTAL	FR63	733457 p	735320 p	737509	738633	741072	742771	741785	740743	737001	730920	727487	723906	721351	718716	715796	713249	711471	712602	714047	715315	716942	718530	719702	720921	721882	723460 
NR	T	TOTAL	FR7	7874586 p	7815009 p	7757595	7695264	7634223	7578078	7518004	7459092	7405206	7357284	7295515	7231833	7173919	7115944	7057821	7000751	6949608	6918402	6890849	6862646	6837322	6812295	6790892	6750446	6708765	6668168 
NR	T	TOTAL	FR71	6510561 p	6454372 p	6399927	6341160	6283541	6230691	6174040	6117229	6065959	6021346	5963736	5904729	5850513	5796144	5741877	5688524	5640234	5608783	5580618	5551758	5525090	5498280	5474915	5433044	5389048	5346407 
NR	T	TOTAL	FR72	1364025 p	1360637 p	1357668	1354104	1350682	1347387	1343964	1341863	1339247	1335938	1331779	1327104	1323406	1319800	1315944	1312227	1309374	1309619	1310231	1310888	1312232	1314015	1315977	1317402	1319717	1321761 
NR	T	TOTAL	FR8	8107125 p	8055571 p	8003604	7952099	7900601	7845198	7805617	7767597	7724094	7643494	7555374	7463073	7378601	7292312	7207281	7128119	7054942	7012834	6959288	6914767	6872762	6833388	6785494	6732193	6680680	6622057 
NR	T	TOTAL	FR81	2790792 p	2760428 p	2729721	2700266	2670046	2636350	2610890	2581718	2560870	2534144	2497718	2459969	2424518	2388723	2353629	2322072	2292405	2273724	2249187	2229405	2209034	2192819	2175024	2153832	2135522	2115168 
NR	T	TOTAL	FR82	4989435 p	4971622 p	4953675	4935576	4916069	4899155	4889053	4882913	4864015	4815232	4768564	4719132	4675056	4629496	4584379	4541508	4502385	4479644	4451004	4426194	4405312	4383592	4356875	4326663	4293499	4257244 
NR	T	TOTAL	FR83	326898 p	323521 p	320208	316257	314486	309693	305674	302966	299209	294118	289092	283972	279027	274093	269273	264539	260152	259466	259097	259168	258416	256977	253595	251698	251659	249645 
NR	T	TOTAL	FRA	2137919 p	:	:	:	:	:	:	:	:	:	:	:	:	:	:	:	:	:	:	:	:	:	:	:	:	: 
NR	T	TOTAL	FRA1	434691 p	436455 p	437713	:	:	:	:	:	:	:	:	:	:	:	:	:	:	:	:	:	:	:	:	:	:	: 
NR	T	TOTAL	FRA2	378243 p	381999 p	385551	388364	392291	:	396404	397693	397730	397732	395982	393852	391676	389302	386542	383575	380863	:	:	:	:	:	:	:	:	: 
NR	T	TOTAL	FRA3	254541 p	249282 p	244118	239648	237549	:	224469	219266	213031	205954	199206	193167	184792	176638	168614	162018	155760	:	:	:	:	:	:	:	:	: 
NR	T	TOTAL	FRA4	843529 p	839334 p	835103	833944	828581	:	816364	808250	794107	781962	772907	761630	750840	740207	729010	716314	703820	:	:	:	:	:	:	:	:	: 
NR	T	TOTAL	FRA5	226915 p	:	:	:	:	:	:	:	:	:	:	:	:	:	:	:	:	:	:	:	:	:	:	:	:	: 
NR	T	TOTAL	HR	4225316	4246809	4262140	4275984	4289857	4302847	4309796	4311967	4313530	4312487	4310861	4305725	4305384	4305494	4295406	4497735	4527459	4536812	4533028	4581167	4658893	4645155	4555771	4595866	4782179	4772556 
NR	T	TOTAL	HR0	4225316	4246809	4262140	4275984	4289857	4302847	4309796	4311967	4313530	4312487	4310861	4305725	4305384	4305494	4295406	4497735	4527459	4536812	4533028	4581167	4658893	4645155	4555771	4595866	4782179	4772556 
NR	T	TOTAL	HR03	1402229	1405908	1407798	1410551	1413426	1415971	1415015	1412009	1406970	1399795	1392937	1384187	1378357	1371890	1363190	:	:	:	:	:	:	:	:	:	:	: 
NR	T	TOTAL	HR04	2823087	2840901	2854342	2865433	2876431	2886876	2894781	2899958	2906560	2912692	2917924	2921538	2927027	2933604	2932216	:	:	:	:	:	:	:	:	:	:	: 
NR	T	TOTAL	HU	9855571	9877365	9908798	9931925 b	9985722	10014324	10030975	10045401	10066158	10076581	10097549	10116742	10142362	10174853	10200298	10221515	10253301	10279621	10301158	10321152	10336636	10349959	10364996	10373805	10373140	10374823 
NR	T	TOTAL	HU1	2983733	2965413	2953883	2940818 b	2971246	2951436	2925500	2897317	2872678	2855670	2840972	2829704	2824754	2829047	2831107	2845949	2859975	2871270	2884762	2895885	2907113	2964080	2969315	2971785	2970223	2966523 
NR	T	TOTAL	HU10	2983733	2965413	2953883	2940818 b	2971246	2951436	2925500	2897317	2872678	2855670	2840972	2829704	2824754	2829047	2831107	2845949	2859975	2871270	2884762	2895885	2907113	2964080	2969315	2971785	2970223	2966523 
NR	T	TOTAL	HU2	2956463	2971203	2985161	2995203 b	3029387	3043030	3054301	3062868	3074491	3078966	3088710	3099781	3107407	3117035	3122255	3123335	3130393	3136294	3139118	3144395	3146588	3140062	3142026	3143251	3142090	3141795 
NR	T	TOTAL	HU21	1063408	1069190	1074702	1079589 b	1094104	1098654	1103132	1104841	1107453	1108124	1110897	1112984	1113671	1120610	1120730	1119047	1121800	1122702	1121923	1123145	1122945	1116789	1117061	1116914	1118848	1117989 
NR	T	TOTAL	HU22	983925	984521	985279	984399 b	994698	996390	998187	997939	999361	1000142	1000348	1003185	1004328	1002959	1003854	1004598	1005942	1008032	1009267	1010606	1010586	1008657	1009312	1009551	1006535	1006781 
NR	T	TOTAL	HU23	909130	917492	925180	931215 b	940585	947986	952982	960088	967677	970700	977465	983612	989408	993466	997671	999690	1002651	1005560	1007928	1010644	1013057	1014616	1015653	1016786	1016707	1017025 
NR	T	TOTAL	HU3	3915375	3940749	3969754	3995904 b	3985089	4019858	4051174	4085216	4118989	4141945	4167867	4187257	4210201	4228771	4246936	4252230	4262933	4272057	4277277	4280872	4282935	4245817	4253655	4258768	4260827	4266505 
NR	T	TOTAL	HU31	1164813	1176894	1189441	1200831 b	1194697	1209142	1223238	1236690	1251441	1261489	1271111	1280040	1288960	1296504	1302835	1304597	1307946	1312152	1315166	1317551	1320843	1307402	1312295	1316035	1319422	1323508 
NR	T	TOTAL	HU32	1479522	1484375	1491659	1498795 b	1481922	1492502	1502409	1514020	1525317	1533162	1541818	1547003	1554177	1559073	1563714	1564136	1567827	1568743	1568593	1567972	1566304	1545318	1546569	1546861	1546555	1547520 
NR	T	TOTAL	HU33	1271040	1279480	1288654	1296278 b	1308470	1318214	1325527	1334506	1342231	1347294	1354938	1360214	1367064	1373194	1380387	1383497	1387160	1391162	1393518	1395349	1395788	1393097	1394791	1395872	1394850	1395477 
NR	T	TOTAL	IE	4628949 p	4605501 p	4591087	4582707	4570881	4549428	4521322	4457765	4340118	4208156	4111672	4028851	3964191	3899702	3832783	3777565	3732201	3693582	3654955	3620065	3597617	3583154	3569367	3547492	3520977	3506970 
NR	T	TOTAL	IE0	4628949 p	4605501 p	4591087	4582707	4570881	4549428	4521322	4457765	4340118	4208156	4111672	4028851	3964191	3899702	3832783	3777565	3732201	3693582	3654955	3620065	3597617	3583154	3569367	3547492	3520977	3506970 
NR	T	TOTAL	IE01	1226421 p	1232783 p	1236009	1236529	1237715	1227429	1215848	1191149	1160174	1125639	1098814	1074951	1053785	1032151	1010395	996005	983495	975844	969402	:	:	:	:	:	:	: 
NR	T	TOTAL	IE02	3402528 p	3372718 p	3355078	3346178	3333166	3321999	3305474	3266616	3179944	3082517	3012858	2953900	2910406	2867551	2822388	2781560	2748706	2717738	2685553	:	:	:	:	:	:	: 
NR	T	TOTAL	IS	329100	325671	321857	319575	318452	317630	319368	315459	307672	299891	293577	290570	288471	286575	283361	279049	275712	272381	269874	267958	266978	265064	262386	259727	255866	253785 
NR	T	TOTAL	IS0	329100	325671	321857	319575	318452	317630	319368	315459	307672	299891	293577	290570	288471	286575	283361	279049	275712	272381	269874	267958	266978	265064	262386	259727	255866	253785 
NR	T	TOTAL	IS00	329100	325671	321857	319575	318452	317630	319368	315459	307672	299891	293577	290570	288471	286575	283361	279049	275712	272381	269874	267958	266978	265064	262386	259727	255866	253785 
NR	T	TOTAL	IT	60795612	60782668	59685227	59394207	59364690	59190143	59000586	58652875	58223744	58064214	57874753	57495900	57130506	56987507	56960692	56929477	56913634	56908265	56879278	56846300	56845945	56843445	56822084	56773199	56744119	56694360 
NR	T	TOTAL	ITC	16138643	16130725	15861548	15752503	15729074	15666121	15605507	15500793	15376639	15318858	15246856	15102227	14979197	14934254	14921776	14902879	14893675	14887495	14883269	14878027	14894954	14918337	14940675	14949230	14957236	14970142 
NR	T	TOTAL	ITC1	4424467	4436798	4374052	4357663	4364309	4362041	4356322	4332069	4285466	4279510	4272118	4254443	4219397	4212090	4219421	4225083	4232495	4238764	4245330	4250494	4261168	4274380	4288065	4298870	4307852	4324173 
NR	T	TOTAL	ITC2	128298	128591	127844	126620	126761	126686	126369	125550	124654	123969	122927	121555	120372	119353	119273	118861	118615	118071	117588	117063	116653	116389	116244	115896	115275	114409 
NR	T	TOTAL	ITC3	1583263	1591939	1565127	1567339	1574132	1576443	1577301	1573333	1572551	1574148	1575191	1569018	1565791	1569787	1578998	1587787	1597964	1608299	1618812	1629143	1641159	1652196	1662053	1674120	1684514	1694410 
NR	T	TOTAL	ITC4	10002615	9973397	9794525	9700881	9663872	9600951	9545515	9469841	9393968	9341231	9276620	9157211	9073637	9033024	9004084	8971148	8944601	8922361	8901539	8881327	8875974	8875372	8874313	8860344	8849595	8837150 
NR	T	TOTAL	ITF	14149806	14167819	13980833	13970037	13983347	13977172	13971529	13965480	13926039	13944785	13957811	13932382	13898803	13906672	13935085	13966461	13994932	14015827	14017668	14015677	14006000	13983632	13952637	13922791	13909679	13886277 
NR	T	TOTAL	ITF1	1331574	1333939	1312507	1306416	1307273	1307778	1306029	1297991	1285456	1283830	1280044	1273992	1265126	1261991	1261300	1261117	1260492	1259153	1257426	1255514	1254352	1252332	1252191	1249558	1245844	1243014 
NR	T	TOTAL	ITF2	313348	314725	313341	313145	314342	315536	316955	317655	317206	318297	319483	320155	320218	320143	321468	322772	324125	325621	327041	328100	329214	329523	329889	330605	330557	330382 
NR	T	TOTAL	ITF3	5861529	5869965	5769750	5764424	5765850	5758375	5750382	5750281	5737883	5741383	5743008	5720521	5699296	5699305	5708137	5717694	5722729	5723749	5715238	5703781	5691818	5674718	5655559	5631686	5621030	5607965 
NR	T	TOTAL	ITF4	4090105	4090266	4050803	4050072	4053668	4048007	4043827	4040624	4032130	4033405	4033125	4024783	4020032	4020071	4026054	4034887	4042633	4051043	4054098	4057268	4055934	4049795	4039668	4031540	4025392	4013227 
NR	T	TOTAL	ITF5	576619	578391	576194	577562	579358	581140	583556	584871	585732	589480	592650	594139	595070	597121	599404	601399	603507	605768	607150	608902	609799	610022	610191	610394	610970	611029 
NR	T	TOTAL	ITF6	1976631	1980533	1958238	1958418	1962856	1966336	1970780	1974058	1967632	1978390	1989501	1998792	1999061	2008041	2018722	2028592	2041446	2050493	2056715	2062112	2064883	2067242	2065139	2069008	2075886	2080660 
NR	T	TOTAL	ITG	6755366	6758796	6640311	6637700	6647338	6638776	6633171	6621292	6603629	6603181	6601313	6597053	6589808	6596612	6612863	6633000	6646550	6657644	6659424	6659771	6656060	6645512	6630505	6614889	6615091	6607850 
NR	T	TOTAL	ITG1	5092080	5094937	4999932	4999854	5005657	4997429	4990588	4981526	4967981	4969155	4968623	4965633	4959528	4966723	4978068	4994427	5004493	5011170	5010307	5009331	5004913	4994781	4981012	4966884	4970805	4969910 
NR	T	TOTAL	ITG2	1663286	1663859	1640379	1637846	1641681	1641347	1642583	1639766	1635648	1634026	1632690	1631420	1630280	1629889	1634795	1638573	1642057	1646474	1649117	1650440	1651147	1650731	1649493	1648005	1644286	1637940 
NR	T	TOTAL	ITH	11661160	11654486	11521037	11442262	11428451	11387297	11335590	11219364	11097006	11028130	10954553	10843188	10728677	10654684	10608795	:	:	:	:	:	:	:	:	:	:	: 
NR	T	TOTAL	ITH1	518518	515714	509626	504708	501815	498315	494559	490035	484280	479354	474568	470116	466685	462827	461101	458553	455859	453549	450683	448361	446195	444327	442450	440635	438916	437426 
NR	T	TOTAL	ITH2	537416	536237	530308	524877	522486	518796	514881	509109	503147	498537	493907	487390	481341	476792	474310	470505	467025	463899	460984	458159	455982	453863	451606	449805	448280	445997 
NR	T	TOTAL	ITH3	4927596	4926818	4881756	4853657	4851958	4841933	4827619	4783323	4728911	4701951	4669405	4619015	4562181	4529008	4508580	4485059	4464206	4444340	4426481	4409243	4400073	4394897	4388825	4381173	4372865	4364265 
NR	T	TOTAL	ITH4	1227122	1229363	1221860	1217780	1220849	1221569	1221392	1214346	1205593	1201522	1199218	1194393	1188528	1183437	1181238	1178264	1177047	1177178	1177870	1180292	1183131	1186719	1191952	1196164	1198178	1200155 
NR	T	TOTAL	ITH5	4450508	4446354	4377487	4341240	4331343	4306684	4277139	4222551	4175075	4146766	4117455	4072274	4029942	4002620	3983566	:	:	:	:	:	:	:	:	:	:	: 
NR	T	TOTAL	ITI	12090637	12070842	11681498	11591705	11576480	11520777	11454789	11345946	11220431	11169260	11114220	11021050	10934021	10895285	10882173	:	:	:	:	:	:	:	:	:	:	: 
NR	T	TOTAL	ITI1	3752654	3750511	3692828	3667780	3668948	3657340	3641389	3615187	3581920	3570259	3557577	3531825	3507126	3498497	3494857	3491580	3490565	3492712	3494793	3498181	3505309	3515048	3521712	3526897	3531357	3533095 
NR	T	TOTAL	ITI2	894762	896742	886239	883215	884010	880202	875261	866930	856151	853259	848070	840567	830302	826104	824187	820844	818737	817638	816105	814173	813664	812455	810885	811504	810623	809605 
NR	T	TOTAL	ITI3	1550796	1553138	1545155	1540688	1541950	1540272	1536302	1521242	1504727	1499237	1491214	1479929	1463766	1453403	1446785	:	:	:	:	:	:	:	:	:	:	: 
NR	T	TOTAL	ITI4	5892425	5870451	5557276	5500022	5481572	5442963	5401837	5342587	5277633	5246505	5217359	5168729	5132827	5117281	5116344	5119323	5125728	5135769	5143465	5148923	5154261	5157006	5159157	5142908	5130191	5115628 
NR	T	TOTAL	LI	37366	37129	36838	36475	36149	35894	35589	35356	35168	34905	34600	34294	33863	33525	32863	32426	32015	31320	31143	30923	30629	30310	29868	29386	29032	28452 
NR	T	TOTAL	LI0	37366	37129	36838	36475	36149	35894	35589	35356	35168	34905	34600	34294	33863	33525	32863	32426	32015	31320	31143	30923	30629	30310	29868	29386	29032	28452 
NR	T	TOTAL	LI00	37366	37129	36838	36475	36149	35894	35589	35356	35168	34905	34600	34294	33863	33525	32863	32426	32015	31320	31143	30923	30629	30310	29868	29386	29032	28452 
NR	T	TOTAL	LT	2921262	2943472	2971905	3003641	3052588	3141976	3183856	3212605	3249983	3289835	3355220	3398929	3431497	3454637	3486998	3512074	3536401	3562261	3588013	3615212	3642991	3671296	3693929	3706299	3701968	3693708 
NR	T	TOTAL	LT0	2921262	2943472	2971905	3003641	3052588	3141976	3183856	3212605	3249983	3289835	3355220	3398929	3431497	3454637	3486998	3512074	3536401	3562261	3588013	3615212	3642991	3671296	3693929	3706299	3701968	3693708 
NR	T	TOTAL	LT00	2921262	2943472	2971905	3003641	3052588	3141976	3183856	3212605	3249983	3289835	3355220	3398929	3431497	3454637	3486998	3512074	3536401	3562261	3588013	3615212	3642991	3671296	3693929	3706299	3701968	3693708 
NR	T	TOTAL	LU	562958	549680	537039	524853	511840	502066	493500	483799	476187	469086	461230	454960	448300	444050	439000	433600	427350	422050	416850	411600	405650	400200	394750	389600	384400	379300 
NR	T	TOTAL	LU0	562958	549680	537039	524853	511840	502066	493500	483799	476187	469086	461230	454960	448300	444050	439000	433600	427350	422050	416850	411600	405650	400200	394750	389600	384400	379300 
NR	T	TOTAL	LU00	562958	549680	537039	524853	511840	502066	493500	483799	476187	469086	461230	454960	448300	444050	439000	433600	427350	422050	416850	411600	405650	400200	394750	389600	384400	379300 
NR	T	TOTAL	LV	1986096	2001468	2023825	2044813	2074605	2120504	2162834	2191810	2208840	2227874	2249724	2276520	2299390	2320956	2353384	2381715	2399248	2420789	2444912	2469531	2500580	2540904	2585675	2643000	2658161	2668140 
NR	T	TOTAL	LV0	1986096	2001468	2023825	2044813	2074605	2120504	2162834	2191810	2208840	2227874	2249724	2276520	2299390	2320956	2353384	2381715	2399248	2420789	2444912	2469531	2500580	2540904	2585675	2643000	2658161	2668140 
NR	T	TOTAL	LV00	1986096	2001468	2023825	2044813	2074605	2120504	2162834	2191810	2208840	2227874	2249724	2276520	2299390	2320956	2353384	2381715	2399248	2420789	2444912	2469531	2500580	2540904	2585675	2643000	2658161	2668140 
NR	T	TOTAL	ME	622099	621521	620893	620308	619850	619001	617157	615543	614624	613109	613420	612214	610510	608460	605988	603152	:	:	:	:	:	:	:	:	:	: 
NR	T	TOTAL	ME0	622099	621521	620893	620308	619850	619001	617157	615543	614624	613109	613420	612214	610510	608460	605988	603152	:	:	:	:	:	:	:	:	:	: 
NR	T	TOTAL	ME00	622099	621521	620893	620308	619850	619001	617157	615543	614624	613109	613420	612214	610510	608460	605988	603152	:	:	:	:	:	:	:	:	:	: 
NR	T	TOTAL	MK	2069172	2065769	2062294	2059794 p	2057284	2052722	2048619	2045177	2041941	2038514	2035196	2029892	2023654	2038651	2031112	2021578	2012705	2002340	1991398	1971687	1957265	1936741	2061000	1908941	1890872	1873109 
NR	T	TOTAL	MK0	2068864	2065769	2062294	2059794 p	2057284	2052722	2048619	2045177	2041941	2038514	2035196	2029892	2023654	2038651	2031112	2021578	2012705	2002340	1991398	1971687	1957265	1936741	2061000	1908941	1890872	1873109 
NR	T	TOTAL	MK00	2068864	2065769	2062294	2059794 p	2057284	2052722	2048619	2045177	2041941	2038514	2035196	2029892	2023654	2038651	2031112	2021578	2012705	2002340	1991398	1971687	1957265	1936741	2061000	1908941	1890872	1873109 
NR	T	TOTAL	MKXX	308	359	:	:	:	:	:	:	:	:	:	:	:	:	:	:	:	:	:	:	:	:	:	:	:	: 
NR	T	TOTAL	MT	429344	425384	421364	417546	414989	414027	410926	407832	405616	404999	402668	399867	397296	394641	391415 b	380201	378518	376513	373958	371415	369451	366431	362977	359543	355910	352430 
NR	T	TOTAL	MT0	429344	425384	421364	417546	414989	414027	410926	407832	405616	404999	402668	399867	397296	394641	391415 b	380201	378518	376513	373958	371415	369451	366431	362977	359543	355910	352430 
NR	T	TOTAL	MT00	429344	425384	421364	417546	414989	414027	410926	407832	405616	404999	402668	399867	397296	394641	391415 b	380201	378518	376513	373958	371415	369451	366431	362977	359543	355910	352430 
NR	T	TOTAL	NL	16900726	16829289	16779575	16730348	16655799	16574989	16485787	16405399	16357992	16334210	16305526	16258032	16192572	16105285	15987075	15863950	15760225	15654192	15567107	15493889	15424122	15341553	15239182	15129150	15010445	14892574 
NR	T	TOTAL	NL1	1718775	1718033	1718485	1718896	1717729	1713954	1708821	1704783	1702020	1700753	1701418	1698865	1694038	1685463	1671534	1656952	1648303	1640804	1633986	1627457	1622438	1615032	1607651	1602661	1598127	1594041 
NR	T	TOTAL	NL11	583942	582728	581705	580875	579036	576668	574092	573459	573614	574042	575072	574384	572997	570480	566489	562646	559988	558017	558124	558113	557995	556607	555397	555226	554604	553862 
NR	T	TOTAL	NL12	646257	646317	646862	647214	647282	646305	644811	643189	642209	642230	642977	642066	639787	636184	630539	624500	621222	618115	615045	612028	609579	607016	603998	601839	600013	599151 
NR	T	TOTAL	NL13	488576	488988	489918	490807	491411	490981	489918	488135	486197	484481	483369	482415	481254	478799	474506	469806	467093	464672	460817	457316	454864	451409	448256	445596	443510	441028 
NR	T	TOTAL	NL2	3569021	3559282	3553582	3543938	3531103	3517162	3499946	3482551	3469857	3459889	3447301	3432345	3412779	3384986	3349530	3313989	3283690	3252469	3225525	3203108	3177446	3149749	3122407	3094049	3064765	3036140 
NR	T	TOTAL	NL21	1140652	1139697	1139350	1137668	1134465	1130345	1125435	1119994	1116374	1113529	1109432	1105512	1100677	1094032	1086280	1077625	1070444	1063527	1057944	1053966	1050389	1044648	1039083	1032418	1026325	1020424 
NR	T	TOTAL	NL22	2026578	2019692	2015791	2010745	2004671	1998936	1991062	1983869	1979059	1975704	1972010	1966929	1960422	1949233	1934314	1919158	1906778	1895656	1886109	1876299	1864732	1851402	1839883	1828808	1816935	1804209 
NR	T	TOTAL	NL23	401791	399893	398441	395525	391967	387881	383449	378688	374424	370656	365859	359904	351680	341721	328936	317206	306468	293286	281472	272843	262325	253699	243441	232823	221505	211507 
NR	T	TOTAL	NL3	8006238	7952694	7914606	7880753	7830125	7777014	7719856	7669533	7639268	7625684	7608753	7580493	7543668	7500417	7448216	7395813	7351221	7303722	7267303	7239231	7217981	7191806	7145636	7091624	7028665	6968952 
NR	T	TOTAL	NL31	1263572	1253672	1245294	1237117	1228794	1220910	1210869	1201350	1190604	1180039	1171291	1162258	1152218	1139925	1117997	1107849	1098722	1088621	1079428	1070585	1063460	1056033	1047035	1037294	1026841	1015515 
NR	T	TOTAL	NL32	2761929	2741369	2724300	2709822	2691477	2669084	2646445	2626163	2613070	2606584	2599103	2587265	2573120	2559477	2534599	2518354	2503158	2486105	2474754	2468432	2463611	2457329	2440165	2421665	2397088	2376015 
NR	T	TOTAL	NL33	3600011	3577032	3563935	3552407	3528324	3505611	3481558	3461435	3455097	3458875	3458381	3451942	3439982	3423780	3420700	3397744	3378770	3359047	3344695	3332860	3325064	3314577	3297241	3273460	3247282	3221475 
NR	T	TOTAL	NL34	380726	380621	381077	381407	381530	381409	380984	380585	380497	380186	379978	379028	378348	377235	374920	371866	370571	369949	368426	367354	365846	363867	361195	359205	357454	355947 
NR	T	TOTAL	NL4	3606692	3599280	3592902	3586761	3576842	3566859	3557164	3548532	3546847	3547884	3548054	3546329	3542087	3534419	3517795	3497196	3477011	3457197	3440293	3424093	3406257	3384966	3363488	3340816	3318888	3293441 
NR	T	TOTAL	NL41	2488751	2479274	2471011	2463686	2454215	2444158	2434560	2424827	2419042	2415946	2411359	2406994	2400198	2391123	2375116	2356004	2337709	2319262	2304094	2290424	2276207	2259779	2243546	2225331	2209047	2189481 
NR	T	TOTAL	NL42	1117941	1120006	1121891	1123075	1122627	1122701	1122604	1123705	1127805	1131938	1136695	1139335	1141889	1143296	1142679	1141192	1139302	1137935	1136199	1133669	1130050	1125187	1119942	1115485	1109841	1103960 
NR	T	TOTAL	NO	5166493	5107970	5051275	4985870	4920305	4858199	4799252	4737171	4681134	4640219	4606363	4577457	4552252	4524066	4503436	4478497	4445329	4417599	4392714	4369957	4348410	4324815	4299167	4273634	4249830	4233116 
NR	T	TOTAL	NO0	5166493	5107970	5051275	4985870	4920305	4858199	4799252	4737171	4681134	4640219	4606363	4577457	4552252	4524066	4503436	4478497	4445329	4417599	4392714	4369957	4348410	4324815	4299167	4273634	4249830	4233116 
NR	T	TOTAL	NO01	1232854	1209992	1190365	1169539	1144883	1123359	1103100	1079051	1057794	1039536	1024064	1010504	1000684	989914	980714	974519	963431	953183	941089	928587	917852	907376	898389	888881	879758	872867 
NR	T	TOTAL	NO02	383985	382230	380973	379938	377709	375925	374359	372926	371729	371715	371550	372016	371863	371200	371418	369804	368560	368280	368436	369130	369894	370747	369938	369985	369907	369234 
NR	T	TOTAL	NO03	976682	969415	960653	949963	938827	928852	919900	909842	900152	893858	889058	884603	880519	874705	870490	862841	856266	849096	841524	837270	834261	830890	829368	826469	824829	822870 
NR	T	TOTAL	NO04	762031	751632	741284	728934	718543	706823	696166	684761	673027	663995	657976	652349	647434	642171	634817	631079	624544	618046	612565	607664	603562	598601	592122	585525	580311	576659 
NR	T	TOTAL	NO05	884316	875475	866239	855399	845886	835517	824865	815705	808290	804239	800064	796851	793243	789388	789712	785966	782068	778585	776522	774017	770309	767156	763224	759549	755914	754010 
NR	T	TOTAL	NO06	445838	441193	437198	431340	426206	422102	417437	412849	407905	404097	401011	398239	395798	393780	392126	389960	387652	385962	385506	384521	383841	383147	381102	380245	378302	377202 
NR	T	TOTAL	NO07	480787	478033	474563	470757	468251	465621	463425	462037	462237	462779	462640	462895	462711	462908	464159	464328	462808	464447	467072	468768	468691	466898	465024	462980	460809	460274 
NR	T	TOTAL	PL	38005614	38017856	38062535	38063792	38062718	38022869 b	38135876	38115641	38125479	38157055	38173835	38190608	38218531	38242197	38253955	38263303	38666983	38659979	38639341	38609399	38580597	38504707	38418108	38309226	38183160	38038403 
NR	T	TOTAL	PL1	7799622	7791428	7786528	7777128	7769157	7753453 b	7753356	7744386	7737900	7735194	7733699	7732826	7736003	7738999	7742834	7750090	7730206	7737773	7741399	7747852	7750535	7743128	7738970	7726928	7722615	: 
NR	T	TOTAL	PL11	2489844	2498861	2510409	2519448	2528674	2535866 b	2548861	2555898	2566198	2577465	2587702	2597094	2607380	2617318	2627824	2637438	2663608	2672823	2680350	2687761	2693688	2697844	2701750	2701231	2702922	: 
NR	T	TOTAL	PL12	5309778	5292567	5276119	5257680	5240483	5217587 b	5204495	5188488	5171702	5157729	5145997	5135732	5128623	5121681	5115010	5112652	5066598	5064950	5061049	5060091	5056847	5045284	5037220	5025697	5019693	: 
NR	T	TOTAL	PL2	7860284	7864274	7876489	7879546	7879309	7871233 b	7932801	7933151	7940343	7951962	7960972	7967931	7968750	7978084	7988083	7994721	8098333	8100860	8099977	8098116	8097424	8097075	8080632	8111093	8075584	: 
NR	T	TOTAL	PL21	3324579	3316097	3310450	3303061	3293551	3280603 b	3287136	3279036	3271206	3266187	3260201	3252949	3237217	3229617	3222426	3211151	3215885	3206630	3197064	3190186	3179728	3164287	3151759	3132201	3118431	: 
NR	T	TOTAL	PL22	4535705	4548177	4566039	4576485	4585758	4590630 b	4645665	4654115	4669137	4685775	4700771	4714982	4731533	4748467	4765657	4783570	4882448	4894230	4902913	4907930	4917696	4932788	4928873	4978892	4957153	: 
NR	T	TOTAL	PL3	6620894	6636447	6657241	6669169	6683275	6691140 b	6725581	6731761	6746269	6762570	6774249	6785135	6805631	6814679	6820913	6822641	6911684	6911096	6910365	6903583	6897875	6879961	6864502	6817380	6792174	: 
NR	T	TOTAL	PL31	2126310	2134413	2143278	2149487	2156633	2161679 b	2161832	2166213	2172766	2179611	2185156	2191172	2196992	2201720	2206200	2209083	2239500	2241952	2244212	2244628	2244848	2240987	2238288	2227406	2221891	: 
NR	T	TOTAL	PL32	2084264	2083546	2085063	2083852	2083487	2081154 b	2099495	2097338	2097564	2098263	2097975	2097248	2105050	2104138	2101375	2098771	2122164	2117341	2112560	2105597	2100144	2090850	2081217	2064158	2050420	: 
NR	T	TOTAL	PL33	1247951	1253041	1259137	1263464	1268145	1272156 b	1272784	1275550	1279838	1285007	1288693	1291598	1295885	1299382	1302650	1302518	1326218	1327859	1330460	1331481	1332438	1330590	1330493	1320258	1319563	: 
NR	T	TOTAL	PL34	1162369	1165447	1169763	1172366	1175010	1176151 b	1191470	1192660	1196101	1199689	1202425	1205117	1207704	1209439	1210688	1212269	1223802	1223944	1223133	1221877	1220445	1217534	1214504	1205558	1200300	: 
NR	T	TOTAL	PL4	6143617	6141404	6142893	6136945	6130571	6117311 b	6099536	6087634	6079860	6075793	6069316	6064791	6061193	6057822	6051723	6044641	6105747	6096238	6083109	6067314	6053567	6029963	6007231	5972813	5946285	: 
NR	T	TOTAL	PL41	3447689	3441440	3437751	3430702	3422705	3410721 b	3397617	3386882	3378502	3372417	3365283	3359932	3355279	3350437	3345316	3339749	3351422	3346045	3339757	3331941	3324822	3313588	3301018	3283364	3268523	: 
NR	T	TOTAL	PL42	1688486	1691400	1694560	1695822	1697166	1696985 b	1692957	1692271	1692838	1694178	1694865	1696073	1697718	1698402	1697935	1696925	1731804	1729848	1725756	1720782	1716700	1708392	1701492	1690819	1683322	: 
NR	T	TOTAL	PL43	1007442	1008564	1010582	1010421	1010700	1009605 b	1008962	1008481	1008520	1009198	1009168	1008786	1008196	1008983	1008472	1007967	1022521	1020345	1017596	1014591	1012045	1007983	1004721	998630	994440	: 
NR	T	TOTAL	PL5	3825251	3829805	3841347	3846396	3851089	3851792 b	3910099	3915498	3924258	3935639	3944586	3953980	3965703	3976060	3982793	3991344	4071714	4076458	4079408	4081450	4083725	4077926	4072637	4059425	4051285	: 
NR	T	TOTAL	PL51	2868338	2869579	2875180	2876855	2878103	2876509 b	2877059	2878410	2882317	2888232	2893055	2898313	2904694	2909622	2912195	2917139	2982128	2985381	2986884	2988278	2988327	2983040	2978446	2970192	2964954	: 
NR	T	TOTAL	PL52	956913	960226	966167	969541	972986	975283 b	1033040	1037088	1041941	1047407	1051531	1055667	1061009	1066438	1070598	1074205	1089586	1091077	1092524	1093172	1095398	1094886	1094191	1089233	1086331	: 
NR	T	TOTAL	PL6	5755946	5754498	5758037	5754608	5749317	5737940 b	5714503	5703211	5696849	5695897	5691013	5685945	5681251	5676553	5667609	5659866	5749299	5737554	5725083	5711084	5697471	5676654	5654136	5621587	5595217	: 
NR	T	TOTAL	PL61	2065846	2068417	2072655	2074398	2075129	2074489 b	2067918	2066136	2066371	2068253	2068258	2068142	2069166	2069747	2067817	2068864	2100106	2098018	2095819	2092977	2090331	2084065	2078332	2065593	2059224	: 
NR	T	TOTAL	PL62	1418541	1421264	1425897	1427162	1428620	1428496 b	1427073	1426155	1426883	1428601	1428714	1428885	1428449	1428469	1427508	1424772	1463520	1460432	1456724	1452423	1449121	1442512	1436597	1423317	1415554	: 
NR	T	TOTAL	PL63	2271559	2264817	2259485	2253048	2245568	2234955 b	2219512	2210920	2203595	2199043	2194041	2188918	2183636	2178337	2172284	2166230	2185673	2179104	2172540	2165684	2158019	2150077	2139207	2132677	2120439	: 
NR	T	TOTAL	PT	10374822 e	10427301	10487289	10542398	10572721	10573479	10563014	10553339	10532588	10511988	10494672	10473050	10444592	10394669	10330774	10249022	10186634	10133758	10084196	10043693	10008659	9974391	9954958	9950029	9912140	9995995 
NR	T	TOTAL	PT1	9869783 e	9918548	9976649	10030968	10057999 b	10059864	10051206	10043520	10025838	10008242	9993865	9975209	9950051	9904113	9845237	9765440	9704074	9651230	9601049	9559249	9522397	9486133	9463390	9456452	9415010	: 
NR	T	TOTAL	PT11	3621785 e	3644195	3666234	3687224	3693585 b	3705980	3712554	3719773	3719898	3718061	3716870	3713740	3708294	3696333	3679741	3652110	3629750	3608348	3587839	3569019	3551449	3533685	3519004	3510528	3518950	: 
NR	T	TOTAL	PT15	441468 e	442358	444390	446140	451304 b	445824	440088	434556	428798	423539	418530	413611	408029	400937	393142	385298	378671	372798	366996	361927	357495	353182	349511	346596	344830	: 
NR	T	TOTAL	PT16	2263992 e	2281164	2298938	2316169	2331642 b	2337787	2341807	2345981	2348308	2350150	2352891	2354349	2355304	2351652	2344671	2328686	2316874	2306952	2297278	2289462	2282411	2275572	2272444	2274230	:	: 
NR	T	TOTAL	PT17	2809168 e	2807525	2818388	2827050	2822761 b	2808205	2792105	2775675	2759501	2745623	2732440	2719233	2702293	2678695	2651729	2624511	2603865	2587604	2572657	2561025	2551871	2543315	2539817	2539520	:	: 
NR	T	TOTAL	PT18	733370 e	743306	748699	754385	758707 b	762068	764652	767535	769333	770869	773134	774276	776131	776496	775954	774835	774914	775528	776279	777816	779171	780379	782614	785578	:	: 
NR	T	TOTAL	PT2	246353 e	247440	247549	247194	246757 b	246900	246670	246373	245671	245118	244491	243916	243303	242544	241387	240759	240289	239993	239935	239786	239757	239688	239918	239984	240520	: 
NR	T	TOTAL	PT20	246353 e	247440	247549	247194	246757 b	246900	246670	246373	245671	245118	244491	243916	243303	242544	241387	240759	240289	239993	239935	239786	239757	239688	239918	239984	240520	: 
NR	T	TOTAL	PT3	258686 e	261313	263091	264236	267965 b	266715	265138	263446	261079	258628	256316	253925	251238	248012	244150	242823	242271	242535	243212	244658	246505	248570	251650	253593	256610	: 
NR	T	TOTAL	PT30	258686 e	261313	263091	264236	267965 b	266715	265138	263446	261079	258628	256316	253925	251238	248012	244150	242823	242271	242535	243212	244658	246505	248570	251650	253593	256610	: 
NR	T	TOTAL	RO	19870647 e	19947311 e	20020074	20095996 b	21413815	21462186	21498616	21528627	21565119	21610213	21658528	21711252	21772774	21833483	22430457	22455485	22488595	22526093	22581862	22656145	22712394	22748027	22778533	22811392	23192274	23211395 
NR	T	TOTAL	RO1	4935690 e	4945532 e	4954228	4959455 b	5240224	5244137	5247530	5248804	5253432	5263559	5276097	5286793	5298737	5313799	5486905	5494097	5505931	5519475	5532940	5551677	5573307	5587469	5600872	5603013	5797761	5844104 
NR	T	TOTAL	RO11	2585543 e	2590220 e	2594823	2598877 b	2717532	2719719	2721468	2724176	2729256	2729181	2742676	2743281	2750406	2762565	2844430	2849982	2854118	2860561	2869047	2879634	2888806	2897633	2903439	2916601	2980544	2983614 
NR	T	TOTAL	RO12	2350147 e	2355312 e	2359405	2360578 b	2522692	2524418	2526062	2524628	2524176	2534378	2533421	2543512	2548331	2551234	2642475	2644115	2651813	2658914	2663893	2672043	2684501	2689836	2697433	2686412	2817217	2860490 
NR	T	TOTAL	RO2	5761950 e	5782461 e	5802152	5833153 b	6505815	6523614	6535967	6548309	6562245	6578570	6585471	6597912	6609736	6615957	6766106	6756320	6748741	6737063	6734592	6744686	6738360	6741294	6731385	6777703	6801433	6762491 
NR	T	TOTAL	RO21	3269598 e	3273367 e	3278798	3294204 b	3703283	3712396	3717621	3722553	3727910	3734946	3735512	3742868	3746330	3743950	3831216	3820101	3808273	3793851	3787028	3790486	3780653	3776344	3769292	3813776	3801267	3781932 
NR	T	TOTAL	RO22	2492352 e	2509094 e	2523354	2538949 b	2802532	2811218	2818346	2825756	2834335	2843624	2849959	2855044	2863406	2872007	2934890	2936219	2940468	2943212	2947564	2954200	2957707	2964950	2962093	2963927	3000166	2980559 
NR	T	TOTAL	RO3	5345486 e	5368063 e	5390394	5407944 b	5521131	5528968	5532879	5534038	5537002	5537093	5547963	5558502	5576765	5597355	5740347	5756866	5771401	5791359	5812698	5842428	5869491	5877811	5894902	5885493	5955715	5944833 
NR	T	TOTAL	RO31	3061286 e	3085095 e	3108150	3128799 b	3253712	3267270	3279786	3292036	3304840	3321392	3338195	3350248	3368615	3383573	3467375	3471322	3481711	3492937	3504998	3521504	3532198	3547692	3554296	3575647	3589037	3619796 
NR	T	TOTAL	RO32	2284200 e	2282968 e	2282244	2279145 b	2267419	2261698	2253093	2242002	2232162	2215701	2209768	2208254	2208150	2213782	2272972	2285544	2289690	2298422	2307700	2320924	2337293	2330119	2340606	2309846	2366678	2325037 
NR	T	TOTAL	RO4	3827521 e	3851255 e	3873300	3895444 b	4146645	4165467	4182240	4197476	4212440	4230991	4248997	4268045	4287536	4306372	4437099	4448202	4462522	4478196	4501632	4517354	4531236	4541453	4551374	4545183	4637365	4659967 
NR	T	TOTAL	RO41	2015766 e	2033360 e	2048702	2067357 b	2232814	2246033	2257752	2270776	2285733	2301833	2313903	2325020	2336018	2348337	2399333	2403632	2410944	2418790	2425831	2435166	2441803	2448928	2452338	2469568	2457221	2461463 
NR	T	TOTAL	RO42	1811755 e	1817895 e	1824598	1828087 b	1913831	1919434	1924488	1926700	1926707	1929158	1935094	1943025	1951518	1958035	2037766	2044570	2051578	2059406	2075801	2082188	2089433	2092525	2099036	2075615	2180144	2198504 
NR	T	TOTAL	SE	9747355	9644864	9555893	9482855	9415570	9340682	9256347	9182927	9113257	9047752	9011392	8975670	8940788	8909128	8882792	8861426	8854322	8847625	8844499	8837496	8816381	8745109	8692013	8644120	8590630	8527039 
NR	T	TOTAL	SE1	3819610	3768389	3716827	3669570	3623591	3577474	3526850	3484045	3442613	3408022	3387449	3370713	3353890	3336186	3315288	3293725	3275778	3258331	3242367	3226892	3209121	3176111	3148997	3124394	3100151	3075271 
NR	T	TOTAL	SE11	2198044	2163042	2127006	2091473	2054343	2019182	1981263	1949516	1918104	1889945	1872900	1860872	1850467	1838882	1823210	1803377	1783440	1762924	1744330	1725756	1708502	1686230	1669840	1654512	1641669	1629631 
NR	T	TOTAL	SE12	1621566	1605347	1589821	1578097	1569248	1558292	1545587	1534529	1524509	1518077	1514549	1509841	1503423	1497304	1492078	1490348	1492338	1495407	1498037	1501136	1500619	1489881	1479157	1469882	1458482	1445640 
NR	T	TOTAL	SE2	4211985	4168176	4135758	4111188	4087948	4060002	4026590	3995301	3965326	3934537	3916676	3897428	3878703	3860613	3846633	3835001	3833181	3830271	3829662	3827771	3816886	3781748	3760075	3739854	3716424	3686251 
NR	T	TOTAL	SE21	826243	819426	815792	812948	811611	810066	807871	805353	802247	800054	799739	798528	796957	796515	797172	798344	801884	805040	808248	811464	812447	807848	805303	804531	801255	796058 
NR	T	TOTAL	SE22	1443065	1426826	1415403	1405912	1396556	1383653	1367017	1351257	1335936	1320160	1311254	1302586	1294965	1286588	1279816	1274411	1271840	1268295	1266340	1264468	1259002	1245220	1237955	1229393	1219151	1207975 
NR	T	TOTAL	SE23	1942677	1921924	1904563	1892328	1879781	1866283	1851702	1838691	1827143	1814323	1805683	1796314	1786781	1777510	1769645	1762246	1759457	1756936	1755074	1751839	1745437	1728680	1716817	1705930	1696018	1682218 
NR	T	TOTAL	SE3	1715760	1708299	1703308	1702097	1704031	1703206	1702907	1703581	1705318	1705193	1707267	1707529	1708195	1712329	1720871	1732700	1745363	1759023	1772470	1782833	1790374	1787250	1782941	1779872	1774055	1765517 
NR	T	TOTAL	SE31	833585	829134	826272	825431	826820	825931	825149	825000	824853	825037	826188	826949	827067	829114	832524	837892	843437	850046	857107	862476	866355	865347	864126	863914	861471	857268 
NR	T	TOTAL	SE32	369826	368617	368182	368454	369316	369708	370269	370386	370998	370764	371619	371750	372266	373664	376469	380004	383650	387497	391148	393874	396596	396640	396739	397289	396881	395277 
NR	T	TOTAL	SE33	512349	510548	508854	508212	507895	507567	507489	508195	509467	509392	509460	508830	508862	509551	511878	514804	518276	521480	524215	526483	527423	525263	522076	518669	515703	512972 
NR	T	TOTAL	SI	2062874	2061085	2058821	2055496	2050189	2046976	2032362	2010269 b	2010377	2003358	1997590	1996433	1995033	1994026	1990094	1987755	1978334	1984923	1986989	1990266	1989477	1989408	1994084	1998912	1999945	1996377 
NR	T	TOTAL	SI0	2062874	2061085	2058821	2055496	2050189	2046976	2032362	2010269 b	2010377	2003358	1997590	1996433	1995033	1994026	1990094	1987755	1978334	1984923	1986989	1990266	1989477	1989408	1994084	1998912	1999945	1996377 
NR	T	TOTAL	SI03	1093545	1094709	:	:	:	:	:	:	:	:	:	:	:	:	:	:	:	:	:	:	:	:	:	:	:	: 
NR	T	TOTAL	SI04	969329	966376	:	:	:	:	:	:	:	:	:	:	:	:	:	:	:	:	:	:	:	:	:	:	:	: 
NR	T	TOTAL	SK	5421349	5415949	5410836	5404322	5392446	5390410	5382401	5376064	5373180	5372928	5372685	5371875	5374873	5378951	5378783	5398657	5393382	5387650	5378932	5367790	5356207	5336455	5314155	5295877	5310711	5287663 
NR	T	TOTAL	SK0	5421349	5415949	5410836	5404322	5392446	5390410	5382401	5376064	5373180	5372928	5372685	5371875	5374873	5378951	5378783	5398657	5393382	5387650	5378932	5367790	5356207	5336455	5314155	5295877	5310711	5287663 
NR	T	TOTAL	SK01	625167	618380	612682	606537	599931	597999	594966	592824	592062	592301	592759	594113	596720	599042	598781	616982	617599	618673	618904	618290	:	:	:	:	:	: 
NR	T	TOTAL	SK02	1834832	1836664	1838136	1839259	1838786	1842763	1845563	1846283	1847853	1851658	1855358	1858211	1862505	1868147	1871019	1876416	1876951	1877211	1876618	1875419	:	:	:	:	:	: 
NR	T	TOTAL	SK03	1345808	1347233	1348611	1349729	1349286	1350286	1349903	1350263	1350943	1351651	1352313	1352279	1353025	1353777	1354679	1355514	1354693	1353349	1351795	1349357	:	:	:	:	:	: 
NR	T	TOTAL	SK04	1615542	1613672	1611407	1608797	1604443	1599362	1591969	1586694	1582322	1577318	1572255	1567272	1562623	1557985	1554304	1549745	1544139	1538417	1531615	1524724	:	:	:	:	:	: 
NR	T	TOTAL	TR	77695904	76667864	75627384	74724269	73722988	72561312	71517100	70586256	69729967	68860539	68010221	67187251	66401851	65603160	64729501 b	66889425	65786563	64641675	63484661	62337617	61203584	60079060	58958565	57835076	56714051	55494711 
NR	T	TOTAL	TR1	14377018	14160467	13854740	13624240	13255685	12915158	12697164	12573836	:	:	:	:	:	:	:	:	:	:	:	:	:	:	:	:	:	: 
NR	T	TOTAL	TR10	14377018	14160467	13854740	13624240	13255685	12915158	12697164	12573836	:	:	:	:	:	:	:	:	:	:	:	:	:	:	:	:	:	: 
NR	T	TOTAL	TR2	3351582	3278705	3247669	3210147	3164048	3129772	3107425	3052555	:	:	:	:	:	:	:	:	:	:	:	:	:	:	:	:	:	: 
NR	T	TOTAL	TR21	1650735	1613616	1593247	1569388	1521328	1511952	1502358	1458114	:	:	:	:	:	:	:	:	:	:	:	:	:	:	:	:	:	: 
NR	T	TOTAL	TR22	1700847	1665089	1654422	1640759	1642720	1617820	1605067	1594441	:	:	:	:	:	:	:	:	:	:	:	:	:	:	:	:	:	: 
NR	T	TOTAL	TR3	10023549	9897313	9779502	9687692	9693594	9517153	9384848	9299322	:	:	:	:	:	:	:	:	:	:	:	:	:	:	:	:	:	: 
NR	T	TOTAL	TR31	4113072	4061074	4005459	3965232	3948848	3868308	3795978	3739353	:	:	:	:	:	:	:	:	:	:	:	:	:	:	:	:	:	: 
NR	T	TOTAL	TR32	2915188	2851086	2808243	2779765	2739188	2707898	2674760	2620452	:	:	:	:	:	:	:	:	:	:	:	:	:	:	:	:	:	: 
NR	T	TOTAL	TR33	2995289	2985153	2965800	2942695	3005558	2940947	2914110	2939517	:	:	:	:	:	:	:	:	:	:	:	:	:	:	:	:	:	: 
NR	T	TOTAL	TR4	7332137	7198284	7058367	6952685	6841607	6701343	6579426	6417153	:	:	:	:	:	:	:	:	:	:	:	:	:	:	:	:	:	: 
NR	T	TOTAL	TR41	3809784	3749582	3682037	3637222	3595460	3508133	3442871	3368502	:	:	:	:	:	:	:	:	:	:	:	:	:	:	:	:	:	: 
NR	T	TOTAL	TR42	3522353	3448702	3376330	3315463	3246147	3193210	3136555	3048651	:	:	:	:	:	:	:	:	:	:	:	:	:	:	:	:	:	: 
NR	T	TOTAL	TR5	7499242	7362247	7253247	7163453	7018194	6875349	6748952	6651887	:	:	:	:	:	:	:	:	:	:	:	:	:	:	:	:	:	: 
NR	T	TOTAL	TR51	5150072	5045083	4965542	4890893	4771716	4650802	4548939	4466756	:	:	:	:	:	:	:	:	:	:	:	:	:	:	:	:	:	: 
NR	T	TOTAL	TR52	2349170	2317164	2287705	2272560	2246478	2224547	2200013	2185131	:	:	:	:	:	:	:	:	:	:	:	:	:	:	:	:	:	: 
NR	T	TOTAL	TR6	9906771	9766093	9611007	9495788	9423231	9252902	9050691	8906427	:	:	:	:	:	:	:	:	:	:	:	:	:	:	:	:	:	: 
NR	T	TOTAL	TR61	2898240	2833306	2763541	2705254	2685499	2592075	2514175	2460321	:	:	:	:	:	:	:	:	:	:	:	:	:	:	:	:	:	: 
NR	T	TOTAL	TR62	3892850	3855034	3808483	3776744	3733124	3703114	3629227	3602588	:	:	:	:	:	:	:	:	:	:	:	:	:	:	:	:	:	: 
NR	T	TOTAL	TR63	3115681	3077753	3038983	3013790	3004608	2957713	2907289	2843518	:	:	:	:	:	:	:	:	:	:	:	:	:	:	:	:	:	: 
NR	T	TOTAL	TR7	3886251	3873470	3853025	3843731	3849267	3831373	3792508	3776927	:	:	:	:	:	:	:	:	:	:	:	:	:	:	:	:	:	: 
NR	T	TOTAL	TR71	1508199	1510080	1501311	1495630	1496296	1504789	1492804	1481248	:	:	:	:	:	:	:	:	:	:	:	:	:	:	:	:	:	: 
NR	T	TOTAL	TR72	2378052	2363390	2351714	2348101	2352971	2326584	2299704	2295679	:	:	:	:	:	:	:	:	:	:	:	:	:	:	:	:	:	: 
NR	T	TOTAL	TR8	4493559	4499102	4483603	4477107	4518786	4512288	4478029	4477457	:	:	:	:	:	:	:	:	:	:	:	:	:	:	:	:	:	: 
NR	T	TOTAL	TR81	1019534	1020957	1020108	1019425	1035071	1026825	1020767	1016484	:	:	:	:	:	:	:	:	:	:	:	:	:	:	:	:	:	: 
NR	T	TOTAL	TR82	756983	763570	745525	739997	743029	745976	737308	732790	:	:	:	:	:	:	:	:	:	:	:	:	:	:	:	:	:	: 
NR	T	TOTAL	TR83	2717042	2714575	2717970	2717685	2740686	2739487	2719954	2728183	:	:	:	:	:	:	:	:	:	:	:	:	:	:	:	:	:	: 
NR	T	TOTAL	TR9	2566840	2553647	2545274	2513021	2516167	2526619	2507387	2488652	:	:	:	:	:	:	:	:	:	:	:	:	:	:	:	:	:	: 
NR	T	TOTAL	TR90	2566840	2553647	2545274	2513021	2516167	2526619	2507387	2488652	:	:	:	:	:	:	:	:	:	:	:	:	:	:	:	:	:	: 
NR	T	TOTAL	TRA	2206326	2207602	2226155	2230394	2202106	2198061	2201862	2212759	:	:	:	:	:	:	:	:	:	:	:	:	:	:	:	:	:	: 
NR	T	TOTAL	TRA1	1067560	1062345	1071878	1072848	1068446	1062205	1061287	1075088	:	:	:	:	:	:	:	:	:	:	:	:	:	:	:	:	:	: 
NR	T	TOTAL	TRA2	1138766	1145257	1154277	1157546	1133660	1135856	1140575	1137671	:	:	:	:	:	:	:	:	:	:	:	:	:	:	:	:	:	: 
NR	T	TOTAL	TRB	3801911	3774582	3756322	3709838	3647531	3638401	3618056	3558432	:	:	:	:	:	:	:	:	:	:	:	:	:	:	:	:	:	: 
NR	T	TOTAL	TRB1	1690843	1681719	1673852	1663811	1625158	1626357	1623891	1598897	:	:	:	:	:	:	:	:	:	:	:	:	:	:	:	:	:	: 
NR	T	TOTAL	TRB2	2111068	2092863	2082470	2046027	2022373	2012044	1994165	1959535	:	:	:	:	:	:	:	:	:	:	:	:	:	:	:	:	:	: 
NR	T	TOTAL	TRC	8250718	8096352	7958473	7816173	7592772	7462893	7350752	7170849	:	:	:	:	:	:	:	:	:	:	:	:	:	:	:	:	:	: 
NR	T	TOTAL	TRC1	2616082	2570208	2519139	2471979	2414833	2364249	2318281	2261242	:	:	:	:	:	:	:	:	:	:	:	:	:	:	:	:	:	: 
NR	T	TOTAL	TRC2	3480715	3409417	3354242	3287197	3192329	3128748	3067052	2983813	:	:	:	:	:	:	:	:	:	:	:	:	:	:	:	:	:	: 
NR	T	TOTAL	TRC3	2153921	2116727	2085092	2056997	1985610	1969896	1965419	1925794	:	:	:	:	:	:	:	:	:	:	:	:	:	:	:	:	:	: 
NR	T	TOTAL	UK	64875165 e	64351155	63905297	63495303	63022532	62510197	62042343	61571647	61073279	60620361	60182050	59793759	59501394	59239564	58999990	58785422	58579700	58394600	58239300	58094600	57943500	57788000	57649200	57511600	:	: 
NR	T	TOTAL	UKC	2625759 e	2614817	2606338	2599321	2591626	2581096	2572348	2565644	2557242	2549800	2543746	2540442	2540504	2540317	2541756	2546868	2555600	2564500	2572300	2579600	2585700	2591300	2592600	2589200	2600209	2595888 
NR	T	TOTAL	UKC1	1188625 e	1183828	1179483	1176946	1173646	1168781	1165178	1161826	1157100	1152783	1149222	1146883	1145885	1145691	1146454	1147177	1148500	1150300	1152200	1154600	1156600	1157600	1157800	1157900	1163422	1159687 
NR	T	TOTAL	UKC2	1437134 e	1430989	1426855	1422375	1417980	1412315	1407170	1403818	1400142	1397017	1394524	1393559	1394619	1394626	1395301	1399690	1407100	1414200	1420100	1425000	1429000	1433700	1434800	1431200	1436787	1436201 
NR	T	TOTAL	UKD	7156302 e	7120397	7093859	7070230	7038003	7003144	6972458	6944041	6915555	6885901	6855292	6827646	6799855	6779061	6773604	6773669	6782600	6793300	6802000	6818800	6833400	6842800	6843900	6842000	6875921	6861791 
NR	T	TOTAL	UKD1	498767 e	498520	498561	499421	499952	500458	500823	500819	499778	497890	495949	493086	489963	488214	487699	487874	488600	488600	487500	486800	486900	487100	487200	486800	489411	489474 
NR	T	TOTAL	UKD3	2745985 e	2725339	2708724	2693988	2673791	2651011	2630100	2609479	2590604	2573330	2557067	2544360	2531076	2519852	2516217	2515913	2518700	2521900	2526600	2535800	2542900	2548300	2551100	2552400	2565659	2558112 
NR	T	TOTAL	UKD4	1475512 e	1470707	1467257	1463495	1459318	1455120	1452056	1450334	1447726	1443073	1437098	1430877	1423873	1418686	1415703	1412499	1411800	1412200	1411900	1413400	1414300	1412800	1408500	1403900	1407845	1402805 
NR	T	TOTAL	UKD6	916335 e	911528	907378	904434	901375	898513	895916	892773	887944	882454	877286	873257	869716	866490	:	:	:	:	:	:	:	:	:	:	:	: 
NR	T	TOTAL	UKD7	1519703 e	1514303	1511939	1508892	1503567	1498042	1493563	1490636	1489503	1489154	1487892	1486066	1485227	1485819	:	:	:	:	:	:	:	:	:	:	:	: 
NR	T	TOTAL	UKE	5387527 e	5356725	5327244	5302531	5271538	5239130	5211063	5181446	5149113	5121277	5085823	5044818	5013295	4988442	4967626	4957466	4957000	4957600	4959400	4960900	4960300	4957100	4951600	4942600	4972620	4955625 
NR	T	TOTAL	UKE1	928325 e	924958	921648	919611	916612	914144	912723	910195	905900	902286	897815	890940	883649	877984	874791	874433	875800	877400	879200	881500	882900	880600	876800	873600	874911	870198 
NR	T	TOTAL	UKE2	809768 e	807101	803912	800816	796538	791442	787264	783385	778641	774256	769411	763325	757696	753342	748051	741936	736800	732400	729300	726500	722600	718400	717100	715900	716863	713271 
NR	T	TOTAL	UKE3	1370297 e	1361786	1355190	1348020	1338373	1328405	1319708	1310906	1303030	1296474	1288363	1280024	1273968	1268932	1266406	1268131	1271800	1274900	1277400	1279400	1282000	1285400	1287700	1288500	1301230	1299610 
NR	T	TOTAL	UKE4	2279137 e	2262880	2246494	2234084	2220015	2205139	2191368	2176960	2161542	2148261	2130234	2110529	2097982	2088184	2078378	2072967	2072700	2072900	2073500	2073500	2072800	2072600	2070000	2064600	2079616	2072546 
NR	T	TOTAL	UKF	4653105 e	4613992	4583194	4552559	4522260	4489370	4456375	4422902	4385722	4347877	4310294	4273230	4238370	4205676	4178848	4160260	4142500	4126500	4114200	4099900	4081700	4063800	4046300	4024100	4024651	4004106 
NR	T	TOTAL	UKF1	2156043 e	2141117	2128752	2116608	2104311	2090780	2076533	2062927	2050500	2039897	2027643	2013740	2000834	1989015	1981104	1978406	1976300	1973300	1970900	1968900	1966400	1963800	1960300	1954500	1959749	1952909 
NR	T	TOTAL	UKF2	1763444 e	1745978	1732767	1719114	1704627	1689857	1676611	1662694	1645620	1626570	1607741	1591648	1578132	1565018	1553843	1545417	1536900	1529600	1524100	1516100	1506300	1496900	1487900	1477600	1476169	1466702 
NR	T	TOTAL	UKF3	733618 e	726897	721675	716837	713322	708733	703231	697281	689602	681410	674910	667842	659404	651643	643901	636436	629400	623600	619200	614900	609000	603100	598100	592000	588733	584495 
NR	T	TOTAL	UKG	5732537 e	5691271	5658573	5625537	5587184	5546881	5512061	5474043	5433639	5398060	5363510	5335902	5313303	5290941	5275176	5270792	5271700	5266800	5262700	5260000	5253100	5247600	5241700	5233500	5257664	5245484 
NR	T	TOTAL	UKG1	1318252 e	1310376	1304463	1299331	1293901	1288952	1284388	1277162	1267120	1256718	1247460	1240657	1234211	1226855	1218862	1211678	1207200	1201700	1194000	1188300	1184000	1177800	1170900	1163800	1171674	1167642 
NR	T	TOTAL	UKG2	1595124 e	1587265	1581053	1575042	1567473	1558437	1551138	1543007	1532695	1522425	1513156	1505553	1498214	1491916	1486606	1482312	1480100	1476100	1469900	1466900	1464400	1459300	1455300	1452500	1458150	1452300 
NR	T	TOTAL	UKG3	2819161 e	2793630	2773057	2751164	2725810	2699492	2676535	2653874	2633824	2618917	2602894	2589692	2580878	2572170	2569707	2576802	2584400	2589000	2598700	2604800	2604700	2610500	2615400	2617200	2627840	2625542 
NR	T	TOTAL	UKH	6045103 e	5981741	5930839	5885014	5835002	5779529	5730000	5681075	5629997	5584574	5535748	5491472	5453490	5416651	5387717	5356846	5320400	5284500	5249800	5219200	5191800	5166100	5148500	5131800	5131402	5102331 
NR	T	TOTAL	UKH1	2458326 e	2437219	2419478	2404415	2385006	2361712	2341273	2321845	2300885	2281263	2257246	2231970	2208463	2188252	2177336	2165948	2151800	2137800	2121700	2106100	2091300	2079900	2074300	2070500	2069984	2051184 
NR	T	TOTAL	UKH2	1807466 e	1783892	1764359	1745551	1726575	1706697	1688942	1671667	1654898	1640939	1628689	1621121	1615722	1607705	1598495	1588427	1576500	1564000	1553100	1545000	1538800	1531700	1525400	1518400	1516673	1510025 
NR	T	TOTAL	UKH3	1779311 e	1760630	1747002	1735048	1723421	1711120	1699785	1687563	1674214	1662372	1649813	1638381	1629305	1620694	1611887	1602472	1592100	1582700	1575000	1568100	1561700	1554500	1548800	1543000	1544745	1541122 
NR	T	TOTAL	UKI	8605529 e	8477298	8362977	8256963	8133525	8002621	7877924	7753358	7646200	7558958	7476424	7414336	7386268	7350091	7279558	7195312	7109700	7040200	6994600	6943800	6893300	6859000	6836900	6829400	:	: 
NR	T	TOTAL	UKI3	1127473 e	1114204	:	:	:	:	:	:	:	:	:	:	:	:	:	:	:	:	:	:	:	:	:	:	:	: 
NR	T	TOTAL	UKI4	2285855 e	2241857	:	:	:	:	:	:	:	:	:	:	:	:	:	:	:	:	:	:	:	:	:	:	:	: 
NR	T	TOTAL	UKI5	1854092 e	1825906	:	:	:	:	:	:	:	:	:	:	:	:	:	:	:	:	:	:	:	:	:	:	:	: 
NR	T	TOTAL	UKI6	1281361 e	1265772	:	:	:	:	:	:	:	:	:	:	:	:	:	:	:	:	:	:	:	:	:	:	:	: 
NR	T	TOTAL	UKI7	2056748 e	2029559	:	:	:	:	:	:	:	:	:	:	:	:	:	:	:	:	:	:	:	:	:	:	:	: 
NR	T	TOTAL	UKJ	8912407 e	8828349	8758887	8689018	8615530	8534609	8458920	8389142	8311342	8237107	8168243	8110839	8066827	8034561	8007024	7972862	7922000	7871000	7826800	7781700	7737300	7692400	7664900	7642900	7660432	7624594 
NR	T	TOTAL	UKJ1	2349644 e	2325777	2305960	2285445	2264895	2242650	2221257	2200859	2178786	2158009	2137192	2120767	2110108	2103552	2098583	2088952	2075400	2062500	2048700	2032500	2012400	1992900	1981800	1969900	1969026	1954545 
NR	T	TOTAL	UKJ2	2823355 e	2797596	2775896	2755118	2733391	2709001	2686149	2665296	2640736	2615748	2595072	2580452	2569157	2560911	2553979	2545994	2527500	2507500	2491900	2477700	2466800	2455800	2449500	2445100	2454007	2442830 
NR	T	TOTAL	UKJ3	1948783 e	1933610	1920443	1908498	1894162	1877812	1862903	1850318	1838375	1828056	1815819	1802994	1792758	1784935	1777436	1769787	1761400	1752200	1743900	1734400	1724200	1713100	1704900	1699300	1703752	1697581 
NR	T	TOTAL	UKJ4	1790625 e	1771366	1756588	1739957	1723082	1705146	1688611	1672669	1653445	1635294	1620160	1606626	1594804	1585163	1577025	1568128	1557600	1548700	1542200	1537100	1533900	1530600	1528700	1528600	1533647	1529638 
NR	T	TOTAL	UKK	5443186 e	5396703	5358615	5320258	5281091	5244033	5215946	5187813	5145224	5103024	5062212	5022479	4991402	4959781	4930218	4899016	4865200	4838400	4810200	4787500	4769500	4745400	4723800	4701100	4705753	4684685 
NR	T	TOTAL	UKK1	2425432 e	2402032	2381851	2361987	2342716	2324183	2307856	2291124	2269956	2248953	2227452	2206808	2191319	2178352	2168292	2157968	2143700	2130300	2116800	2104900	2096900	2087800	2078200	2068000	2068527	2057601 
NR	T	TOTAL	UKK2	1305630 e	1296434	1288909	1281108	1271821	1261896	1255012	1248807	1237825	1227304	1219046	1211551	1205467	1197243	1188368	1180185	1173300	1167900	1160400	1153800	1147700	1139300	1132600	1126200	1126364	1120995 
NR	T	TOTAL	UKK3	551346 e	546574	541885	538101	534024	530325	527976	525791	522278	518794	515683	512391	508789	504464	499775	495030	490300	486600	483000	480600	478900	476100	473900	472300	:	: 
NR	T	TOTAL	UKK4	1160778 e	1151663	1145970	1139062	1132530	1127629	1125102	1122091	1115165	1107973	1100031	1091729	1085827	1079722	1073784	1065833	1057900	1053600	1050000	1048200	1046000	1042200	1039100	1034600	:	: 
NR	T	TOTAL	UKL	3110140 e	3095126	3078000	3068680	3056650	3044206	3032140	3015844	2995800	2977257	2963141	2947316	2930091	2916333	2908551	2903734	2900100	2897200	2893100	2889900	2888000	2885500	2880600	2875300	2884614	2873597 
NR	T	TOTAL	UKL1	1955412 e	1947877	1940790	1936283	1930295	1924712	1919910	1912884	1902611	1892334	1885170	1876909	1866411	1858041	1853860	1852710	1852900	1854400	1855700	1858000	1860700	1861000	1859400	1857400	:	: 
NR	T	TOTAL	UKL2	1154728 e	1147249	1137210	1132397	1126355	1119494	1112230	1102960	1093189	1084923	1077971	1070407	1063680	1058292	1054692	1051024	1047100	1042800	1037400	1031900	1027300	1024500	1021200	1017900	:	: 
NR	T	TOTAL	UKM	5356482 e	5337461	5320115	5306257	5280584	5246559	5216921	5185976	5151079	5121130	5096767	5075851	5066792	5064592	5063564	5067418	5119200	5121273	5122500	5127998	5136600	5132400	5120200	5109104	5104602	5099402 
NR	T	TOTAL	UKM2	2061215 e	2049771	2038242	2029148	2014403	1997342	1983494	1969549	1953468	1938765	1925409	1913711	1908104	1905474	1902374	1898002	1964270	1959268	1959488	1956650	1957633	1950684	1943554	:	:	: 
NR	T	TOTAL	UKM3	2337481 e	2334318	2332677	2332454	2326753	2317233	2309167	2300139	2290746	2284882	2282364	2280652	2282633	2286155	2287840	2293410	2345903	2351916	2349706	2354711	2360979	2364863	2364348	:	:	: 
NR	T	TOTAL	UKM5	490804 e	486500	482699	478319	473634	468596	463461	458850	453837	448538	444381	441522	440026	439179	439594	441113	:	:	:	:	:	:	:	:	:	: 
NR	T	TOTAL	UKM6	466982 e	466872	466497	466336	465794	463388	460799	457438	453028	448945	444613	439966	436029	433784	433756	434893	:	:	:	:	:	:	:	:	:	: 
NR	T	TOTAL	UKN	1847088 e	1837275	1826656	1818935	1809539	1799019	1786187	1770363	1752366	1735396	1720850	1709428	1701197	1693118	1686348	1681179	1691824	1684471	1680291	1663305	1645336	1636811	1625117	1609897	1595371	1586162 
NR	T	TOTAL	UKN0	1847088 e	1837275	1826656	1818935	1809539	1799019	1786187	1770363	1752366	1735396	1720850	1709428	1701197	1693118	1686348	1681179	1691824	1684471	1680291	1663305	1645336	1636811	1625117	1609897	1595371	1586162 