age	indic_he	unit	sex	icd10	geo	2015	2014	2013	2012	2011	2010	2009	2008	2007	2006	2005	2004	2003	2002	2001	2000	1999	1998	1997	1996	1995 
TOTAL	INPAT	NR	T	J	AT	:	139783	145584	141241	145533	146288	150737	138470	142212	141379	149673	144238	144105	143353	145357	158143	:	:	:	:	: 
TOTAL	INPAT	NR	T	J	BE	:	:	149231	152387	146931	:	147475	146058	144414	138643	150954	133786	142005	140475	137975	143408	:	:	:	:	: 
TOTAL	INPAT	NR	T	J	BG	:	239978	227496	216612	222276	235266	246528	231800	227032	227167	246153	223866	209899	191414	161657	158736	:	:	:	:	: 
TOTAL	INPAT	NR	T	J	CH	:	77344	77436	72905	71345	69655	70568	67661	65807	62545	63659	61822	60767	60704	:	:	:	:	:	:	: 
TOTAL	INPAT	NR	T	J	CY	:	6293	4938	3755	4179	5284	5103	4450	5982	5068	4981	4882	5191	4650	4881	4793	:	:	:	:	: 
TOTAL	INPAT	NR	T	J	CZ	:	139923	145060	130245	137466	134144	141001	135190	144448	140432	150730	142834	152319	146197	151727	152134	:	:	:	:	: 
TOTAL	INPAT	NR	T	J	DE	:	1237575	1315806	1220232	1204603	1182048	1226173	1149628	1148460	1089534	1136726	1085716	1133426 b	1038984	1008370	1026488	:	:	:	:	: 
TOTAL	INPAT	NR	T	J	DK	82069	78465	79680	77476	78936	77331	75310	71042	74019	72807	72917	72541	72104	70060	71514	75022	:	:	:	:	: 
TOTAL	INPAT	NR	T	J	EE	:	20236	21316	20798	22070	22066	23727	24155	24694	27036	27174	29049	27594	:	:	:	:	:	:	:	: 
TOTAL	INPAT	NR	T	J	ES	:	531124	506929	524962	518276	506896	544561	516308	524091	481177	497637	449480	467244	438888	410312	432758	:	:	:	:	: 
TOTAL	INPAT	NR	T	J	FI	:	75959	75050	79871	80970	75796	79057	75788	75605	74354	83385	84334	93176	94810	101866	104800	:	:	:	:	: 
TOTAL	INPAT	NR	T	J	FR	:	668814	680437	692715	676655	638766	651775	622111	613989	599812	630317	585420	596545	598732	603412	648743	:	:	:	:	: 
TOTAL	INPAT	NR	T	J	HR	:	43114	43117	40553	45304	44995	47065	47165	49791	48665	50482	48577	49433	44571	47830	50407	:	:	:	:	: 
TOTAL	INPAT	NR	T	J	HU	:	157518	155769	152602	164738	167930	170923	161457	166733	197478	218693	213031	:	:	:	:	:	:	:	:	: 
TOTAL	INPAT	NR	T	J	IE	:	68261	66493	67789	58055	54414	58374	57778	58314	59641	58351 b	58794	58920	55523	56409	56869	:	:	:	:	: 
TOTAL	INPAT	NR	T	J	IS	:	1895	:	:	:	:	2369 b	:	2784	2734	2909	3100	3150	4012	3354	3359	:	:	:	:	: 
TOTAL	INPAT	NR	T	J	IT	:	594605	599103	600980	614783	631899	653032	636105	645549	656128	688607	665693	696002	695519	685272	:	:	:	:	:	: 
TOTAL	INPAT	NR	T	J	LT	:	66553	75498	70496	78685	75930	78113	71082	79283	69252	81491	88062	84063	90727	98773	:	:	:	:	:	: 
TOTAL	INPAT	NR	T	J	LU	:	6178	6408	6755	6455	6005 p	5983	6013	6215	5972	6332	6313	6530	7071	7048	7269	:	:	:	:	: 
TOTAL	INPAT	NR	T	J	LV	32139	29700	37109	37680	42179	36425	41425	42945	50937	47973	53723	49819	:	:	:	:	:	:	:	:	: 
TOTAL	INPAT	NR	T	J	MK	:	:	:	:	:	:	:	:	31615	30493	29006	28018	25822	26986	23985	23272	:	:	:	:	: 
TOTAL	INPAT	NR	T	J	MT	:	5182	5510	5039	4854	4130	4077	3143	2433	2680	2675	2170	:	:	:	:	:	:	:	:	: 
TOTAL	INPAT	NR	T	J	NL	:	:	:	136430	138990	130609	131212	127629	124883	121736	119338	108990	105221	101274	:	:	:	:	:	:	: 
TOTAL	INPAT	NR	T	J	NO	:	62355	63982 b	65734	64773	65644	68376	68211	69978	70162	70782	64888	65968	62385	61069	58903	:	:	:	:	: 
TOTAL	INPAT	NR	T	J	PL	:	498021	520967	484108	485752	466588	488087	454071	491287	475041	473372	575597	541398	:	:	:	:	:	:	:	: 
TOTAL	INPAT	NR	T	J	PT	:	58875	57569	60235	58576	58072	62333	59987	60508	58964	62256	57195	59240	55121	50019	50285	52077	46185	44316	40160	38247 
TOTAL	INPAT	NR	T	J	RO	:	502906	529751	525720	581803	630870	701159	651460	615512	648565	602583	683294	690588	746688	691843	674209	:	:	:	:	: 
TOTAL	INPAT	NR	T	J	RS	:	75356	:	:	:	:	:	:	:	:	:	:	:	:	:	:	:	:	:	:	: 
TOTAL	INPAT	NR	T	J	SE	:	98254	104844	:	:	94767	94988	93655	91189	87739	90728	84263	85821	86571	86350	93052	:	:	:	:	: 
TOTAL	INPAT	NR	T	J	SI	:	32058	31039	29478	29382	29725	29074	26166	26808	24517	25310	24301	:	:	:	:	:	:	:	:	: 
TOTAL	INPAT	NR	T	J	SK	:	78726	:	74075	72729	80243	79726	78968	80075	85695	84924	85322	89031	94516	93682	93432	:	:	:	:	: 
TOTAL	INPAT	NR	T	J	TR	:	:	:	:	1478604	1322179	1213563	901967	848924	:	:	:	:	:	:	:	:	:	:	:	: 
TOTAL	INPAT	NR	T	J	UK	:	883529	803455	819360	749615	762991	728994	740816	687259	694157	694730	686364	687167	636616	631356	625191	:	:	:	:	: 
TOTAL	INPAT	NR	T	asthma	AT	:	4235	4116	4428	4756	5294	5002	4806	5283	5354	5414	5556	5477	5782	6999	27302	:	:	:	:	: 
TOTAL	INPAT	NR	T	asthma	BE	:	:	6175	6311	6172	:	6907	6783	7641	8375	7636	6746	7071	7036	6860	7392	:	:	:	:	: 
TOTAL	INPAT	NR	T	asthma	BG	:	14322	15349	13337	13492	12824	14772	14021	14671	15458	12026	:	:	:	:	:	:	:	:	:	: 
TOTAL	INPAT	NR	T	asthma	CH	:	3218	3326	3277	3145	3296	3423	3530	3458	3707	3697	4173	4249	4508	:	:	:	:	:	:	: 
TOTAL	INPAT	NR	T	asthma	CY	:	230	193	133	101	200	187	218	216	215	231	287	304	261	416	451	:	:	:	:	: 
TOTAL	INPAT	NR	T	asthma	CZ	:	6635	6436	6068	6775	6728	7061	6617	7493	7441	8493	8437	8730	8931	9771	9852	:	:	:	:	: 
TOTAL	INPAT	NR	T	asthma	DE	:	53786	52121	50202	48618	52385	53989	54629	55846	54309	51344	55300	56403 b	36185	38503	46435	:	:	:	:	: 
TOTAL	INPAT	NR	T	asthma	DK	3663	3691	3426	3776	3571	4326	3930	4457	4672	5700	5305	5876	4930	5349	5890	5773	:	:	:	:	: 
TOTAL	INPAT	NR	T	asthma	EE	:	1013	1094	1218	1157	1190	1208	1300	1299	1225	1647	1908	1977	:	:	:	:	:	:	:	: 
TOTAL	INPAT	NR	T	asthma	ES	:	25130	25018	24732	20401	21682	21650	21896	25774	26696	27899	27533	28347	26672	24083	28239	:	:	:	:	: 
TOTAL	INPAT	NR	T	asthma	FI	:	3863	4046	4336	4489	4771	5084	5478	5816	6313	7316	7762	8842	9119	10550	11001	:	:	:	:	: 
TOTAL	INPAT	NR	T	asthma	FR	:	51392	47058	48473	43270	44105	42490	41245	40364	42653	40347	40472	39991	44332	48335	52438	:	:	:	:	: 
TOTAL	INPAT	NR	T	asthma	HR	:	2097	2422	2354	2707	2963	2591	2753	2933	3304	3699	2418	2446	2248	2694	4207	:	:	:	:	: 
TOTAL	INPAT	NR	T	asthma	HU	:	11293	12095	12174	12484	12991	13323	13552	14277	20387	23748	24491	:	:	:	:	:	:	:	:	: 
TOTAL	INPAT	NR	T	asthma	IE	:	4083	3605	4066	3281	3328	3357	3768	3692	4437	4381 b	4385	4510	4294	4842	4819	:	:	:	:	: 
TOTAL	INPAT	NR	T	asthma	IS	:	59	:	:	:	:	115 b	:	105	122	101	120	172	299	287	253	:	:	:	:	: 
TOTAL	INPAT	NR	T	asthma	IT	:	9575	10805	11348	12379	15632	15270	18819	18324	20765	22366	23382	24984	27617	29367	:	:	:	:	:	: 
TOTAL	INPAT	NR	T	asthma	LT	:	3079	3428	4145	4497	4158	3978	3981	4196	3899	4524	5144	5298	5668	6175	:	:	:	:	:	: 
TOTAL	INPAT	NR	T	asthma	LU	:	197	170	190	182	141 p	158	179	161	174	208	192	163	234	240	249	:	:	:	:	: 
TOTAL	INPAT	NR	T	asthma	LV	2605	2767	2846	2995	3391	3102	4434	4757	5385	5333	6046	6218	:	:	:	:	:	:	:	:	: 
TOTAL	INPAT	NR	T	asthma	MK	:	:	:	:	:	:	:	:	1268	1478	1543	1534	1549	1654	1527	1486	:	:	:	:	: 
TOTAL	INPAT	NR	T	asthma	MT	:	327	345	324	309	335	352	269	213	213	247	206	:	:	:	:	:	:	:	:	: 
TOTAL	INPAT	NR	T	asthma	NL	:	:	:	8553	8172	8097	7585	7897	7469	7324	6743	6410	5865	5669	:	:	:	:	:	:	: 
TOTAL	INPAT	NR	T	asthma	NO	:	2909	2949 b	2987	3294	4048	3993	4082	4084	4304	3706	3864	4144	4166	4896	4528	:	:	:	:	: 
TOTAL	INPAT	NR	T	asthma	PL	:	37503	37349	36354	33703	34284	35426	33166	31017	30142	29120	33460	35682	:	:	:	:	:	:	:	: 
TOTAL	INPAT	NR	T	asthma	PT	:	2908	2746	2995	2642	2865	2799	2837	3015	3337	2928	3147	3123	3026	3183	3194	3868	4194	4389	4957	4391 
TOTAL	INPAT	NR	T	asthma	RO	:	13791	15536	15456	19185	24350	27069	24619	23445	28730	30769	37017	39530	40719	38132	37486	:	:	:	:	: 
TOTAL	INPAT	NR	T	asthma	RS	:	8594	:	:	:	:	:	:	:	:	:	:	:	:	:	:	:	:	:	:	: 
TOTAL	INPAT	NR	T	asthma	SE	:	4370	4216	:	:	5112	4341	4317	4492	4602	4790	4974	5217	5479	6369	6549	:	:	:	:	: 
TOTAL	INPAT	NR	T	asthma	SI	:	1581	1505	1394	1402	1712	1480	1636	1582	1529	1807	1635	:	:	:	:	:	:	:	:	: 
TOTAL	INPAT	NR	T	asthma	SK	:	5789	:	6345	8344	9271	8747	8117	8100	9489	9271	10066	10014	11495	11160	10868	:	:	:	:	: 
TOTAL	INPAT	NR	T	asthma	TR	:	:	:	:	95991	87401	80447	56348	49410	:	:	:	:	:	:	:	:	:	:	:	: 
TOTAL	INPAT	NR	T	asthma	UK	:	63510	56184	61278	53930	59209	60395	64701	58703	66132	62843	69894	65263	60783	63466	64300	:	:	:	:	: 
TOTAL	INPAT	NR	T	maladies_bronch	AT	:	27756	28804	28788	28968	29574	29608	29568	28575	26760	28213	27566	27518	27097	27309	16334	:	:	:	:	: 
TOTAL	INPAT	NR	T	maladies_bronch	BE	:	:	31216	31301	27827	:	27583	28056	26685	24445	27699	26099	27873	27423	26545	27706	:	:	:	:	: 
TOTAL	INPAT	NR	T	maladies_bronch	BG	:	32881	31318	30515	30666	33023	:	:	:	:	:	:	:	:	:	:	:	:	:	:	: 
TOTAL	INPAT	NR	T	maladies_bronch	CH	:	10582	10857	9926	8682	8272	8019	7968	8865	8112	8577	7816	8060	8156	:	:	:	:	:	:	: 
TOTAL	INPAT	NR	T	maladies_bronch	CY	:	556	356	225	295	389	397	351	485	360	361	351	113	125	173	202	:	:	:	:	: 
TOTAL	INPAT	NR	T	maladies_bronch	CZ	:	19504	19957	17222	17861	17715	18905	18026	19727	19141	22642	21385	23129	22230	22879	24477	:	:	:	:	: 
TOTAL	INPAT	NR	T	maladies_bronch	DE	:	260723	274193	244896	234865	225935	232290	214882	209192	187210	198555	183098	190890 b	151780	143456	149420	:	:	:	:	: 
TOTAL	INPAT	NR	T	maladies_bronch	DK	13346	12917	12860	13397	13421	13170	13406	14124	14247	14557	15543	16046	16862	17664	19533	21570	:	:	:	:	: 
TOTAL	INPAT	NR	T	maladies_bronch	ES	:	81264	79051	82735	81970	80726	84810	85098	85020	79840	103202	92744	101589	95657	90833	98603	:	:	:	:	: 
TOTAL	INPAT	NR	T	maladies_bronch	FI	:	8237	8141	8800	8265	8169	8530	8930	9246	9859	10563	10828	11565	12269	13322	13466	:	:	:	:	: 
TOTAL	INPAT	NR	T	maladies_bronch	FR	:	84553	85257	79225	70270	63341	60463	56243	53269	49783	51183	45638	48158	48560	46075	51866	:	:	:	:	: 
TOTAL	INPAT	NR	T	maladies_bronch	HR	:	3550	3936	4058	4401	4357	4246	4817	6576	6590	7408	7119	8046	6183	6982	7199	:	:	:	:	: 
TOTAL	INPAT	NR	T	maladies_bronch	HU	:	33870	34314	34877	36133	37657	38105	36332	35056	40614	43958	41188	:	:	:	:	:	:	:	:	: 
TOTAL	INPAT	NR	T	maladies_bronch	IE	:	14703	14429	13719	12049	11381	11759	11907	11633	10943	10258 b	8721	8573	8462	8147	8594	:	:	:	:	: 
TOTAL	INPAT	NR	T	maladies_bronch	IS	:	490	:	:	:	:	492 b	:	442	447	427	455	543	551	519	623	:	:	:	:	: 
TOTAL	INPAT	NR	T	maladies_bronch	IT	:	52545	57494	64842	71233	80505	89604	94041	100871	105251	123549	120692	131166	129045	130926	:	:	:	:	:	: 
TOTAL	INPAT	NR	T	maladies_bronch	LT	:	6340	7152	7281	7949	8116	8346	8468	9509	8788	11115	12823	13668	12933	13351	:	:	:	:	:	: 
TOTAL	INPAT	NR	T	maladies_bronch	LU	:	730	753	696	720	733 p	768	698	751	646	708	792	839	896	929	994	:	:	:	:	: 
TOTAL	INPAT	NR	T	maladies_bronch	LV	3597	3232	3335	3473	3332	2830	3395	4087	4676	4404	4997	4632	:	:	:	:	:	:	:	:	: 
TOTAL	INPAT	NR	T	maladies_bronch	MK	:	:	:	:	:	:	:	:	6469	6186	5390	5290	4663	4811	4523	4480	:	:	:	:	: 
TOTAL	INPAT	NR	T	maladies_bronch	MT	:	756	740	752	734	608	608	383	219	250	310	250	:	:	:	:	:	:	:	:	: 
TOTAL	INPAT	NR	T	maladies_bronch	NL	:	:	:	26912	24148	22658	22187	21979	21264	19998	20721	18827	18638	18109	:	:	:	:	:	:	: 
TOTAL	INPAT	NR	T	maladies_bronch	NO	:	11032	10994 b	10663	10179	9975	10065	10674	10402	9991	9818	9193	9248	8818	9668	10138	:	:	:	:	: 
TOTAL	INPAT	NR	T	maladies_bronch	PL	:	54975	60747	60447	63595	64595	73948	78586	89776	90277	93210	112467	117298	:	:	:	:	:	:	:	: 
TOTAL	INPAT	NR	T	maladies_bronch	PT	:	9099	9356	9895	8927	9121	9289	9466	10037	8423	9489	8468	8974	8708	8416	7796	7960	6691	5964	5538	4543 
TOTAL	INPAT	NR	T	maladies_bronch	RO	:	94588	103484	101871	103437	107781	117289	104756	88621	94140	94831	107706	109238	119942	107373	100220	:	:	:	:	: 
TOTAL	INPAT	NR	T	maladies_bronch	RS	:	16788	:	:	:	:	:	:	:	:	:	:	:	:	:	:	:	:	:	:	: 
TOTAL	INPAT	NR	T	maladies_bronch	SE	:	18885	19887	:	:	18388	17803	18257	17280	17094	17753	17115	17241	17723	17538	18835	:	:	:	:	: 
TOTAL	INPAT	NR	T	maladies_bronch	SI	:	2348	2373	2456	2361	2410	2479	2436	2616	2554	2805	2933	:	:	:	:	:	:	:	:	: 
TOTAL	INPAT	NR	T	maladies_bronch	SK	:	7969	:	8050	8260	9225	9171	9099	9844	9992	10403	10215	10828	11611	11348	11428	:	:	:	:	: 
TOTAL	INPAT	NR	T	maladies_bronch	TR	:	:	:	:	253132	229421	228004	176407	186357	:	:	:	:	:	:	:	:	:	:	:	: 
TOTAL	INPAT	NR	T	maladies_bronch	UK	:	163074	152033	157159	146801	149515	141191	150199	136328	140710	139690	143110	144461	127687	126996	123975	:	:	:	:	: 
TOTAL	INPAT	NR	T	J00-J11	AT	:	12620	14965	13360	14233	12569	17756	14673	14815	13551	15674	13283	14266	12967	15368	42351	:	:	:	:	: 
TOTAL	INPAT	NR	T	J00-J11	BE	:	:	14793	13214	11503	:	14814	11158	11592	10860	10869	8514	11405	10346	9890	11002	:	:	:	:	: 
TOTAL	INPAT	NR	T	J00-J11	BG	:	16657	14737	15199	15476	18598	20739	16406	14243	11480	27393	:	:	:	:	:	:	:	:	:	: 
TOTAL	INPAT	NR	T	J00-J11	CH	:	5568	6055	5094	5127	4397	6479	4725	4705	4094	4685	4146	4638	3980	:	:	:	:	:	:	: 
TOTAL	INPAT	NR	T	J00-J11	CY	:	700	551	615	430	600	816	698	1079	808	737	745	972	925	1025	1025	:	:	:	:	: 
TOTAL	INPAT	NR	T	J00-J11	CZ	:	17412	21491	17769	18586	17753	22727	21542	23975	24833	28528	27077	34049	27766	30578	27765	:	:	:	:	: 
TOTAL	INPAT	NR	T	J00-J11	DE	:	81997	98076	79330	83454	71618	101926	80696	81652	74541	85390	72088	90537 b	69278	65940	72193	:	:	:	:	: 
TOTAL	INPAT	NR	T	J00-J11	DK	4336	4157	5086	3991	4857	3880	5294	3768	4460	3646	4340	3596	5144	4333	5768	5034	:	:	:	:	: 
TOTAL	INPAT	NR	T	J00-J11	ES	:	19166	18801	17458	20657	17124	30487	19312	21274	19520	22448	18941	23347	21069	20589	22203	:	:	:	:	: 
TOTAL	INPAT	NR	T	J00-J11	FI	:	6280	6295	6611	6264	5686	9265	7001	6872	6975	11197	12504	17507	18835	20733	22644	:	:	:	:	: 
TOTAL	INPAT	NR	T	J00-J11	FR	:	34417	38280	32567	33850	28363	46690	28762	30591	29136	32706	27237	37963	33746	36881	42352	:	:	:	:	: 
TOTAL	INPAT	NR	T	J00-J11	HR	:	3266	4108	4297	5641	4907	6563	5837	6368	5901	6509	6445	7237	6499	7027	6601	:	:	:	:	: 
TOTAL	INPAT	NR	T	J00-J11	HU	:	1277	1590	1397	1601	1613	2258	1894	2757	10489	17231	16332	:	:	:	:	:	:	:	:	: 
TOTAL	INPAT	NR	T	J00-J11	IE	:	8607	8343	8373	8231	7067	8578	7621	8562	8787	8834 b	8830	9466	7956	9116	9167	:	:	:	:	: 
TOTAL	INPAT	NR	T	J00-J11	IS	:	112	:	:	:	:	159 b	:	129	128	175	120	153	398	306	198	:	:	:	:	: 
TOTAL	INPAT	NR	T	J00-J11	IT	:	21487	24397	25392	30020	30422	45442	40675	44543	46661	50863	51897	58215	59569	61195	:	:	:	:	:	: 
TOTAL	INPAT	NR	T	J00-J11	LT	:	14304	17183	12858	18233	16134	20254	13353	14062	11422	12886	14622	16896	20252	24333	:	:	:	:	:	: 
TOTAL	INPAT	NR	T	J00-J11	LU	:	143	173	170	186	172 p	220	210	211	177	208	210	227	234	226	264	:	:	:	:	: 
TOTAL	INPAT	NR	T	J00-J11	LV	10147	8060	13265	12070	14870	12223	13537	12512	15554	15717	14773	13753	:	:	:	:	:	:	:	:	: 
TOTAL	INPAT	NR	T	J00-J11	MK	:	:	:	:	:	:	:	:	6444	6475	6214	6539	5336	:	:	:	:	:	:	:	: 
TOTAL	INPAT	NR	T	J00-J11	MT	:	463	579	464	867	764	913	470	508	633	602	413	:	:	:	:	:	:	:	:	: 
TOTAL	INPAT	NR	T	J00-J11	NL	:	:	:	12064	13139	10301	12845	9991	9930	8314	8762	6739	7152	6090	:	:	:	:	:	:	: 
TOTAL	INPAT	NR	T	J00-J11	NO	:	5179	6052 b	5735	4835	5366	6777	5266	5291	5460	5489	4448	5712	4955	5652	5714	:	:	:	:	: 
TOTAL	INPAT	NR	T	J00-J11	PL	:	42197	46156	38993	41579	40995	50485	49170	56430	56697	59359	73325	73143	:	:	:	:	:	:	:	: 
TOTAL	INPAT	NR	T	J00-J11	PT	:	2175	2237	2087	2246	2141	4884	2231	2452	2570	3396	3090	3499	3050	2588	2607	2851	2462	2776	2318	2407 
TOTAL	INPAT	NR	T	J00-J11	RO	:	55437	69219	77130	98092	113479	134209	121805	118770	131346	143051	177820	201178	220500	207990	195800	:	:	:	:	: 
TOTAL	INPAT	NR	T	J00-J11	RS	:	7229	:	:	:	:	:	:	:	:	:	:	:	:	:	:	:	:	:	:	: 
TOTAL	INPAT	NR	T	J00-J11	SE	:	8608	11441	:	:	7397	9686	7969	8519	7392	8485	6523	8003	8305	7873	9844	:	:	:	:	: 
TOTAL	INPAT	NR	T	J00-J11	SI	:	3421	3589	3354	3392	3013	4095	3036	3196	2451	2614	2994	:	:	:	:	:	:	:	:	: 
TOTAL	INPAT	NR	T	J00-J11	SK	:	9329	:	9795	9429	9478	10938	10491	10314	10888	11433	11728	14655	11857	15282	14057	:	:	:	:	: 
TOTAL	INPAT	NR	T	J00-J11	TR	:	:	:	:	209796	171151	171680	112315	93832	:	:	:	:	:	:	:	:	:	:	:	: 
TOTAL	INPAT	NR	T	J00-J11	UK	:	88303	86312	84840	80971	91887	93195	85849	87991	84158	75029	63483	72132	63599	69328	69156	:	:	:	:	: 
TOTAL	INPAT	NR	T	J12-J18	AT	:	35421	36455	35645	36345	37315	37357	32300	34382	33145	35320	31846	31332	30202	28532	18459	:	:	:	:	: 
TOTAL	INPAT	NR	T	J12-J18	BE	:	:	37061	39326	40562	:	41405	38125	36654	34287	39228	33368	34589	33340	32148	32020	:	:	:	:	: 
TOTAL	INPAT	NR	T	J12-J18	BG	:	108222	98044	96090	102283	106548	108919	102013	99002	101219	93934	:	:	:	:	:	:	:	:	:	: 
TOTAL	INPAT	NR	T	J12-J18	CH	:	19537	19417	18766	18726	18094	17829	16398	15798	14851	15673	14055	13884	13458	:	:	:	:	:	:	: 
TOTAL	INPAT	NR	T	J12-J18	CY	:	652	622	540	719	809	528	569	839	703	643	756	833	832	843	908	:	:	:	:	: 
TOTAL	INPAT	NR	T	J12-J18	CZ	:	30293	30886	25970	27691	25501	23783	21111	23012	22414	21933	18619	19249	18952	20659	22600	:	:	:	:	: 
TOTAL	INPAT	NR	T	J12-J18	DE	:	279051	307256	286266	283686	279743	275938	255302	258249	254161	269264	238157	250283 b	246699	231064	239021	:	:	:	:	: 
TOTAL	INPAT	NR	T	J12-J18	DK	32429	29497	30265	29384	30411	28212	26300	25008	25850	24747	25138	24781	23242	21996	21221	22084	:	:	:	:	: 
TOTAL	INPAT	NR	T	J12-J18	EE	:	4631	4587	4466	4196	4202	4220	4023	4337	3974	4498	4958	4547	:	:	:	:	:	:	:	: 
TOTAL	INPAT	NR	T	J12-J18	ES	:	115720	108553	111318	115473	109173	119270	111242	116392	102975	113817	97422	98221	93024	88421	90296	:	:	:	:	: 
TOTAL	INPAT	NR	T	J12-J18	FI	:	38017	36081	38307	39848	34543	33994	31980	30918	28315	29346	27023	28078	25921	27531	26103	:	:	:	:	: 
TOTAL	INPAT	NR	T	J12-J18	FR	:	162759	169222	173378	167367	149820	152725	137138	131907	120755	129418	109860	113085	105571	102753	109742	:	:	:	:	: 
TOTAL	INPAT	NR	T	J12-J18	HR	:	14247	12409	10927	12233	12465	11451	8586	10007	9699	11258	10588	11117	9327	8900	9092	:	:	:	:	: 
TOTAL	INPAT	NR	T	J12-J18	HU	:	39639	36617	35424	39876	41259	38116	35956	36019	41132	49609	42376	:	:	:	:	:	:	:	:	: 
TOTAL	INPAT	NR	T	J12-J18	IE	:	10624	10738	10936	9752	9135	9594	9014	8757	9237	8986 b	10516	10710	9959	9613	9617	:	:	:	:	: 
TOTAL	INPAT	NR	T	J12-J18	IS	:	681	:	:	:	:	814 b	:	725	670	695	702	747	992	798	755	:	:	:	:	: 
TOTAL	INPAT	NR	T	J12-J18	IT	:	143398	135759	130154	136891	137459	135577	127191	126940	127271	135431	122616	131096	120241	117311	:	:	:	:	:	: 
TOTAL	INPAT	NR	T	J12-J18	LT	:	19316	22281	20853	22664	22575	21188	20978	25585	20716	26075	26446	20747	23248	24585	:	:	:	:	:	: 
TOTAL	INPAT	NR	T	J12-J18	LU	:	1124	1331	1286	1244	1105 p	1038	936	972	902	1064	824	873	856	1011	867	:	:	:	:	: 
TOTAL	INPAT	NR	T	J12-J18	LV	8489	8558	9208	9609	10258	8868	8797	9712	11175	9686	13020	11770	:	:	:	:	:	:	:	:	: 
TOTAL	INPAT	NR	T	J12-J18	MK	:	:	:	:	:	:	:	:	9966	8785	8476	7769	7651	7884	6476	8215	:	:	:	:	: 
TOTAL	INPAT	NR	T	J12-J18	MT	:	1032	1039	966	919	688	575	401	265	218	268	226	:	:	:	:	:	:	:	:	: 
TOTAL	INPAT	NR	T	J12-J18	NL	:	:	:	37494	38800	35373	35439	33741	31522	30329	28662	23847	22505	20922	:	:	:	:	:	:	: 
TOTAL	INPAT	NR	T	J12-J18	NO	:	23899	23933 b	25545	24968	22966	23984	23753	25028	24239	24527	20512	20767	19529	18810	18636	:	:	:	:	: 
TOTAL	INPAT	NR	T	J12-J18	PL	:	118865	133311	119670	125227	114820	116199	124461	155552	136599	131783	148762	110986	:	:	:	:	:	:	:	: 
TOTAL	INPAT	NR	T	J12-J18	PT	:	7903	7340	7414	8568	8915	9354	8319	7096	6588	6671	6599	7064	7084	6506	7362	7546	6462	5390	4077	3550 
TOTAL	INPAT	NR	T	J12-J18	RO	:	131617	120667	115699	126037	126580	136238	128689	113331	121117	119895	141499	149985	172916	155802	160164	:	:	:	:	: 
TOTAL	INPAT	NR	T	J12-J18	RS	:	15542	:	:	:	:	:	:	:	:	:	:	:	:	:	:	:	:	:	:	: 
TOTAL	INPAT	NR	T	J12-J18	SE	:	39970	40305	:	:	35752	34387	34764	33564	30873	31698	27872	27542	27134	27524	29103	:	:	:	:	: 
TOTAL	INPAT	NR	T	J12-J18	SI	:	9202	7972	7203	7293	7680	7377	6302	6585	6192	7033	6588	:	:	:	:	:	:	:	:	: 
TOTAL	INPAT	NR	T	J12-J18	SK	:	19292	:	16266	16042	16996	14955	14653	15593	18508	16172	14466	14505	15356	14556	16074	:	:	:	:	: 
TOTAL	INPAT	NR	T	J12-J18	TR	:	:	:	:	206564	182326	164126	123754	127030	:	:	:	:	:	:	:	:	:	:	:	: 
TOTAL	INPAT	NR	T	J12-J18	UK	:	283254	242184	239667	211158	202444	176906	168143	145335	139973	134582	124916	118884	108635	102197	91050	:	:	:	:	: 
TOTAL	INPAT	NR	T	J20-J22	AT	:	10454	11929	10536	10527	10169	10755	9495	9227	8642	9655	8998	8822	9288	8275	29714	:	:	:	:	: 
TOTAL	INPAT	NR	T	J20-J22	BE	:	:	19938	21003	19669	:	17545	19510	17087	16013	20267	14516	16170	16055	15171	17595	:	:	:	:	: 
TOTAL	INPAT	NR	T	J20-J22	BG	:	25373	23884	22879	20273	20732	:	:	:	:	:	:	:	:	:	:	:	:	:	:	: 
TOTAL	INPAT	NR	T	J20-J22	CH	:	8048	8002	7737	6632	6841	6114	6264	5082	4952	4812	4376	3663	4162	:	:	:	:	:	:	: 
TOTAL	INPAT	NR	T	J20-J22	CY	:	1583	1010	721	867	883	676	439	573	354	319	302	281	254	316	233	:	:	:	:	: 
TOTAL	INPAT	NR	T	J20-J22	CZ	:	15670	16783	12279	12344	11388	11841	10189	11202	10452	11387	10490	10917	10944	11237	12467	:	:	:	:	: 
TOTAL	INPAT	NR	T	J20-J22	DE	:	122643	144909	115376	108449	101612	110728	96491	91316	83396	86184	67043	58869 b	57146	46867	59498	:	:	:	:	: 
TOTAL	INPAT	NR	T	J20-J22	DK	3351	3734	4019	4194	4829	4499	4401	4342	4421	4445	3527	3212	3150	3235	3720	3782	:	:	:	:	: 
TOTAL	INPAT	NR	T	J20-J22	ES	:	49336	45734	47751	45359	44485	46561	44918	46031	45785	48508	43582	42059	40175	33567	37123	:	:	:	:	: 
TOTAL	INPAT	NR	T	J20-J22	FI	:	8040	8554	9059	8555	9039	8311	8451	8524	8070	8855	7866	8844	8644	9167	9573	:	:	:	:	: 
TOTAL	INPAT	NR	T	J20-J22	FR	:	73648	73631	80125	75721	67456	59775	65491	60787	58997	68525	58995	57880	64275	62981	75477	:	:	:	:	: 
TOTAL	INPAT	NR	T	J20-J22	HR	:	2792	3126	2526	2627	2498	2807	2914	2466	1960	2144	2231	2058	2323	2171	2299	:	:	:	:	: 
TOTAL	INPAT	NR	T	J20-J22	HU	:	19852	20097	18251	19181	20780	22773	21119	21464	19688	20130	19501	:	:	:	:	:	:	:	:	: 
TOTAL	INPAT	NR	T	J20-J22	IE	:	17392	15766	17127	13171	11385	12563	12272	12428	12649	12135 b	3089	2223	3092	2387	2603	:	:	:	:	: 
TOTAL	INPAT	NR	T	J20-J22	IS	:	134	:	:	:	:	81 b	:	135	84	114	98	98	256	130	105	:	:	:	:	: 
TOTAL	INPAT	NR	T	J20-J22	IT	:	32508	33183	32712	33736	34148	34968	36570	38252	37780	41349	39593	42874	44974	42380	:	:	:	:	:	: 
TOTAL	INPAT	NR	T	J20-J22	LT	:	8501	9724	8646	10215	10380	9056	8244	10722	9135	10810	11510	9964	10266	13552	:	:	:	:	:	: 
TOTAL	INPAT	NR	T	J20-J22	LU	:	662	653	800	682	577 p	483	562	529	457	517	452	513	595	420	476	:	:	:	:	: 
TOTAL	INPAT	NR	T	J20-J22	LV	4621	4490	5100	5842	6347	6477	6373	6475	7872	6981	8397	7739	:	:	:	:	:	:	:	:	: 
TOTAL	INPAT	NR	T	J20-J22	MK	:	:	:	:	:	:	:	:	2752	2981	:	:	:	:	:	:	:	:	:	:	: 
TOTAL	INPAT	NR	T	J20-J22	MT	:	1311	1369	1177	1046	885	946	817	692	783	755	548	:	:	:	:	:	:	:	:	: 
TOTAL	INPAT	NR	T	J20-J22	NL	:	:	:	5413	5579	5475	4437	5411	6179	6291	5176	4942	3842	4660	:	:	:	:	:	:	: 
TOTAL	INPAT	NR	T	J20-J22	NO	:	4911	5132 b	5619	5721	6099	6077	6593	7047	7021	7657	7639	7064	6090	4543	3888	:	:	:	:	: 
TOTAL	INPAT	NR	T	J20-J22	PL	:	41614	46420	38596	41393	37052	40323	31301	31930	30368	32020	49283	44320	:	:	:	:	:	:	:	: 
TOTAL	INPAT	NR	T	J20-J22	PT	:	15051	14374	14767	12647	12355	12186	11752	11044	11381	11281	9548	9113	9078	7883	7933	8153	6433	5880	4669	4989 
TOTAL	INPAT	NR	T	J20-J22	RO	:	33382	33836	29686	35453	47914	49161	43644	34154	41291	43037	53415	57958	65630	59179	59818	:	:	:	:	: 
TOTAL	INPAT	NR	T	J20-J22	RS	:	6367	:	:	:	:	:	:	:	:	:	:	:	:	:	:	:	:	:	:	: 
TOTAL	INPAT	NR	T	J20-J22	SE	:	6033	7140	:	:	7054	6688	7379	6641	6708	6830	6309	6286	6514	5840	6678	:	:	:	:	: 
TOTAL	INPAT	NR	T	J20-J22	SI	:	5745	5539	4745	4266	4813	4026	3470	3459	3117	3048	2631	:	:	:	:	:	:	:	:	: 
TOTAL	INPAT	NR	T	J20-J22	SK	:	11227	:	9820	9026	9928	9277	8572	8317	8719	7908	9310	8215	9551	8691	10753	:	:	:	:	: 
TOTAL	INPAT	NR	T	J20-J22	TR	:	:	:	:	271843	257567	217351	149909	129147	:	:	:	:	:	:	:	:	:	:	:	: 
TOTAL	INPAT	NR	T	J20-J22	UK	:	144081	128702	138488	119154	120421	115031	125428	112553	115125	117356	112365	112985	104944	107365	106659	:	:	:	:	: 
TOTAL	INPAT	NR	T	J35	AT	:	13975	14235	13902	16061	17295	16097	15010	17020	22122	23970	26588	27075	29086	31029	9788	:	:	:	:	: 
TOTAL	INPAT	NR	T	J35	BE	:	:	6388	6805	6810	:	6999	7427	7489	7686	7541	8065	8562	10231	10744	11027	:	:	:	:	: 
TOTAL	INPAT	NR	T	J35	BG	:	5159	5558	4438	4783	7994	7980	8926	9085	10658	10140	:	:	:	:	:	:	:	:	:	: 
TOTAL	INPAT	NR	T	J35	CH	:	7807	7830	7153	7201	7578	7946	8397	8791	8620	8225	8980	8658	9026	:	:	:	:	:	:	: 
TOTAL	INPAT	NR	T	J35	CY	:	669	614	424	649	686	546	258	334	500	614	499	409	280	281	319	:	:	:	:	: 
TOTAL	INPAT	NR	T	J35	CZ	:	22320	21038	22066	24453	25893	26279	27830	30214	27871	27501	27749	27448	29465	29318	28020	:	:	:	:	: 
TOTAL	INPAT	NR	T	J35	DE	:	106104	107238	115369	121835	128898	126423	129900	140624	142681	143339	160453	175506 b	189843	200988	196534	:	:	:	:	: 
TOTAL	INPAT	NR	T	J35	DK	2010	1980	2206	2716	3258	3489	3391	3360	4024	3924	4145	4221	4705	4576	4365	4804	:	:	:	:	: 
TOTAL	INPAT	NR	T	J35	ES	:	26812	26458	27182	27516	28721	30182	30742	30111	29921	29931	29532	29852	28719	29423	31081	:	:	:	:	: 
TOTAL	INPAT	NR	T	J35	FI	:	1100	1207	1484	1802	1714	1944	2188	2394	2583	3162	4204	4637	5650	5837	6592	:	:	:	:	: 
TOTAL	INPAT	NR	T	J35	FR	:	46204	45659	49363	51876	47935	46506	48893	52662	52443	54009	56005	52869	55562	57815	61795	:	:	:	:	: 
TOTAL	INPAT	NR	T	J35	HR	:	6328	7227	7281	8259	8123	8448	8672	9554	10290	9790	10675	10105	9978	11472	12090	:	:	:	:	: 
TOTAL	INPAT	NR	T	J35	HU	:	22936	22636	22135	26215	25417	26985	24633	29132	31747	29518	34153	:	:	:	:	:	:	:	:	: 
TOTAL	INPAT	NR	T	J35	IE	:	4225	4668	5002	3776	4107	4409	4714	4856	4943	5136 b	5332	5789	5856	6623	6663	:	:	:	:	: 
TOTAL	INPAT	NR	T	J35	IS	:	51	:	:	:	:	154 b	:	510	549	523	743	782	866	766	828	:	:	:	:	: 
TOTAL	INPAT	NR	T	J35	IT	:	31244	33446	34656	38030	41749	42802	38846	45904	50468	48928	53563	57390	72937	83469	:	:	:	:	:	: 
TOTAL	INPAT	NR	T	J35	LT	:	7019	6833	7269	7061	6616	6707	7315	6723	6725	7728	8939	9166	9916	8835	:	:	:	:	:	: 
TOTAL	INPAT	NR	T	J35	LU	:	889	957	1164	1111	1088 p	1119	1203	1325	1375	1393	1634	1584	1794	1893	2281	:	:	:	:	: 
TOTAL	INPAT	NR	T	J35	LV	555	560	701	1185	1421	1120	1253	1552	1831	1556	1789	1686	:	:	:	:	:	:	:	:	: 
TOTAL	INPAT	NR	T	J35	MK	:	:	:	:	:	:	:	:	1906	2027	:	:	:	:	:	:	:	:	:	:	: 
TOTAL	INPAT	NR	T	J35	MT	:	363	434	402	18	16	26	163	82	70	37	104	:	:	:	:	:	:	:	:	: 
TOTAL	INPAT	NR	T	J35	NL	:	:	:	12481	13723	13536	13290	14086	14626	15968	14649	15059	15084	14737	:	:	:	:	:	:	: 
TOTAL	INPAT	NR	T	J35	NO	:	3441	3848 b	4148	4356	4472	4828	5446	5844	6484	7021	7249	7039	6860	7711	7486	:	:	:	:	: 
TOTAL	INPAT	NR	T	J35	PL	:	51762	50775	50253	50894	50229	49641	44769	44021	47153	48025	61586	59603	:	:	:	:	:	:	:	: 
TOTAL	INPAT	NR	T	J35	PT	:	4015	4239	4628	5049	5078	6004	6899	7659	7932	8228	8485	8937	7910	7157	6656	6772	6108	6664	6498	6312 
TOTAL	INPAT	NR	T	J35	RO	:	11223	13233	14142	17902	20185	25905	27726	29945	31869	28730	36447	34942	36344	35164	33273	:	:	:	:	: 
TOTAL	INPAT	NR	T	J35	RS	:	8645	:	:	:	:	:	:	:	:	:	:	:	:	:	:	:	:	:	:	: 
TOTAL	INPAT	NR	T	J35	SE	:	3566	4409	:	:	4700	6032	5486	5555	5999	6256	6404	6383	6125	6113	6596	:	:	:	:	: 
TOTAL	INPAT	NR	T	J35	SI	:	2816	3125	2895	3042	2817	2784	2736	2762	2703	2761	2762	:	:	:	:	:	:	:	:	: 
TOTAL	INPAT	NR	T	J35	SK	:	7009	:	7111	8744	11168	11935	12854	13071	13494	14864	14131	13588	16152	16820	16564	:	:	:	:	: 
TOTAL	INPAT	NR	T	J35	TR	:	:	:	:	144047	128909	118208	100117	102622	:	:	:	:	:	:	:	:	:	:	:	: 
TOTAL	INPAT	NR	T	J35	UK	:	11297	12029	11553	12671	13637	15950	17556	20258	23552	39370	49272	51479	52062	47896	50243	:	:	:	:	: 
TOTAL	INPAT	NR	T	J60-J99	AT	:	15979	15733	15532	15508	15143	15235	13571	13642	13429	12769	12204	11670	11134	10138	7919	:	:	:	:	: 
TOTAL	INPAT	NR	T	J60-J99	BE	:	:	17731	18171	17773	:	15253	14945	16747	17265	17560	16818	17197	16537	16341	16325	:	:	:	:	: 
TOTAL	INPAT	NR	T	J60-J99	BG	:	26246	26408	22874	22949	23556	:	:	:	:	:	:	:	:	:	:	:	:	:	:	: 
TOTAL	INPAT	NR	T	J60-J99	CH	:	9330	8839	8587	9669	9468	8771	8379	7577	7497	7055	6402	6055	6169	:	:	:	:	:	:	: 
TOTAL	INPAT	NR	T	J60-J99	CY	:	1162	937	629	577	1046	1334	1518	1878	1580	1479	1401	1811	1504	1405	1212	:	:	:	:	: 
TOTAL	INPAT	NR	T	J60-J99	CZ	:	13803	14273	14301	14851	14166	14533	12867	11357	10495	10753	9752	8993	8696	8635	8372	:	:	:	:	: 
TOTAL	INPAT	NR	T	J60-J99	DE	:	147575	144455	139296	134410	132698	130975	129392	125523	118044	114557	115041	107830 b	100173	94751	83190	:	:	:	:	: 
TOTAL	INPAT	NR	T	J60-J99	DK	19518	19361	18662	16751	14931	15623	14617	12457	12559	11870	11010	10983	10144	8826	7011	8535	:	:	:	:	: 
TOTAL	INPAT	NR	T	J60-J99	ES	:	171537	161063	171220	163361	159253	163761	154723	153162	130429	104947	92601	96157	86796	78001	79566	:	:	:	:	: 
TOTAL	INPAT	NR	T	J60-J99	FI	:	7513	7475	7561	7830	7751	7683	7140	7043	7071	6812	7443	6746	6692	6952	6540	:	:	:	:	: 
TOTAL	INPAT	NR	T	J60-J99	FR	:	151610	153539	156961	159088	162715	168692	169803	169659	170189	174954	164987	162250	157727	155149	158209	:	:	:	:	: 
TOTAL	INPAT	NR	T	J60-J99	HR	:	6217	5629	4638	5091	4871	5672	7895	6430	5736	4535	3650	3650	3011	3232	3273	:	:	:	:	: 
TOTAL	INPAT	NR	T	J60-J99	HU	:	12824	12981	12468	12849	12074	12905	11684	11672	12975	13955	13931	:	:	:	:	:	:	:	:	: 
TOTAL	INPAT	NR	T	J60-J99	IE	:	6081	6220	5893	5511	5580	5654	5815	5764	5797	5688 b	14782	14695	12885	12355	12046	:	:	:	:	: 
TOTAL	INPAT	NR	T	J60-J99	IS	:	308	:	:	:	:	385 b	:	418	474	564	538	315	330	281	281	:	:	:	:	: 
TOTAL	INPAT	NR	T	J60-J99	IT	:	242491	239381	233928	223583	218828	213025	207164	197304	191732	187180	170442	166181	150935	127904	:	:	:	:	:	: 
TOTAL	INPAT	NR	T	J60-J99	LT	:	1799	2967	3279	2202	1936	2036	2074	1873	1844	1819	1670	1695	1747	1498	:	:	:	:	:	: 
TOTAL	INPAT	NR	T	J60-J99	LU	:	1268	1244	1213	1063	1073 p	1035	951	988	974	963	876	991	1033	999	723	:	:	:	:	: 
TOTAL	INPAT	NR	T	J60-J99	LV	1277	1225	1263	1103	1141	654	1061	802	853	880	1276	909	:	:	:	:	:	:	:	:	: 
TOTAL	INPAT	NR	T	J60-J99	MK	:	:	:	:	:	:	:	:	1000	1126	3708	3349	3172	12637	11459	9091	:	:	:	:	: 
TOTAL	INPAT	NR	T	J60-J99	MT	:	527	553	542	522	395	325	243	133	129	127	129	:	:	:	:	:	:	:	:	: 
TOTAL	INPAT	NR	T	J60-J99	NL	:	:	:	16938	17288	16664	16291	15009	14180	13811	13871	12743	12194	11475	:	:	:	:	:	:	: 
TOTAL	INPAT	NR	T	J60-J99	NO	:	8450	8500 b	8595	8765	9942	9978	9731	9379	8724	8650	8470	8277	8403	6365	5121	:	:	:	:	: 
TOTAL	INPAT	NR	T	J60-J99	PL	:	93547	89189	83091	74559	70772	70717	46444	38413	36983	35152	39129	38590	:	:	:	:	:	:	:	: 
TOTAL	INPAT	NR	T	J60-J99	PT	:	14271	13615	13848	13790	12942	13463	13958	14888	14780	16896	14334	15011	13294	11556	12327	12484	11631	11049	9928	9819 
TOTAL	INPAT	NR	T	J60-J99	RO	:	141167	151908	149534	156891	162893	180722	173605	180621	171333	116974	96970	63989	51628	48123	49047	:	:	:	:	: 
TOTAL	INPAT	NR	T	J60-J99	RS	:	7355	:	:	:	:	:	:	:	:	:	:	:	:	:	:	:	:	:	:	: 
TOTAL	INPAT	NR	T	J60-J99	SE	:	13653	14109	:	:	12529	11552	11042	10415	10135	9930	10062	10055	10436	10020	10250	:	:	:	:	: 
TOTAL	INPAT	NR	T	J60-J99	SI	:	3755	3941	3957	4029	3892	3398	3134	3288	2793	2378	2026	:	:	:	:	:	:	:	:	: 
TOTAL	INPAT	NR	T	J60-J99	SK	:	12520	:	11488	6923	7156	7007	6877	6590	6521	6331	6341	7518	7429	5325	4726	:	:	:	:	: 
TOTAL	INPAT	NR	T	J60-J99	TR	:	:	:	:	70202	57252	51872	38128	38670	:	:	:	:	:	:	:	:	:	:	:	: 
TOTAL	INPAT	NR	T	J60-J99	UK	:	94283	88531	87273	83525	80624	78112	76518	71618	68943	66170	61574	57727	54635	52341	50001	:	:	:	:	: 
