nst07	unit	geo	2015	2014	2013	2012	2011	2010	2009	2008
TOTAL	THS_T	AT111	1518	1329	1331	1680	1342	1336	1627	1158
TOTAL	THS_T	AT112	6252	7517	5645	6457	5480	4830	5151	5045
TOTAL	THS_T	AT113	2790	2699	3295	3403	3282	3689	2487	3246
TOTAL	THS_T	AT121	15078	13730	13176	12495	14795	13745	13796	14027
TOTAL	THS_T	AT122	10752	11774	9937	9447	12185	11207	9417	10682
TOTAL	THS_T	AT123	6062	7563	7330	6793	5877	6519	7394	6414
TOTAL	THS_T	AT124	9616	8553	9292	8351	8840	8238	9248	9414
TOTAL	THS_T	AT125	5821	4710	3623	3751	4135	3087	3964	4453
TOTAL	THS_T	AT126	18598	19305	18693	17279	19650	16361	21376	24624
TOTAL	THS_T	AT127	16724	16693	15197	15135	14581	13123	13462	16984
TOTAL	THS_T	AT130	24416	23986	22568	25340	23167	25350	25186	28723
TOTAL	THS_T	AT211	8738	8464	8486	7518	10212	9894	8525	9071
TOTAL	THS_T	AT212	3612	3687	3814	3619	3903	5400	5096	4174
TOTAL	THS_T	AT213	8319	7753	7491	7142	7627	7151	8427	10665
TOTAL	THS_T	AT221	15348	13869	15006	14534	14257	12538	11582	12909
TOTAL	THS_T	AT222	3626	3146	3240	3885	3329	3397	3096	3928
TOTAL	THS_T	AT223	9448	9265	7658	7076	8455	8578	7933	8494
TOTAL	THS_T	AT224	10966	10682	9387	10087	11771	9585	8207	9497
TOTAL	THS_T	AT225	7722	9374	6982	8236	7359	6319	7141	8080
TOTAL	THS_T	AT226	5676	6205	4186	4763	4748	4893	4853	5236
TOTAL	THS_T	AT311	12260	12705	11365	12544	10552	10852	10091	12085
TOTAL	THS_T	AT312	31149	28015	27341	28088	26817	27038	26272	29052
TOTAL	THS_T	AT313	5993	6356	6356	6490	6672	6817	5424	6051
TOTAL	THS_T	AT314	8120	6673	6626	7450	7379	7194	7398	7550
TOTAL	THS_T	AT315	11163	10630	10659	11081	10753	10040	11501	11915
TOTAL	THS_T	AT321	907	738	655	908	894	700	737	1092
TOTAL	THS_T	AT322	8946	10133	8536	9704	11335	9482	9779	10122
TOTAL	THS_T	AT323	12264	13615	12698	12103	12871	12299	12960	15299
TOTAL	THS_T	AT331	1812	1405	1988	1211	935	906	1610	1038
TOTAL	THS_T	AT332	9006	9976	9497	8697	8985	9027	8313	8054
TOTAL	THS_T	AT333	1407	1902	1578	2093	1088	1244	1187	2040
TOTAL	THS_T	AT334	5224	5035	3850	3424	4245	3908	4510	4475
TOTAL	THS_T	AT335	13123	12711	12037	11183	12975	12116	14215	12494
TOTAL	THS_T	AT341	5119	4007	3925	4790	3832	4561	3619	4614
TOTAL	THS_T	AT342	8076	9022	6782	8625	8786	8545	7476	9376
TOTAL	THS_T	BE100	6637	5092	5859	5707	5290	4883	5678	6006
TOTAL	THS_T	BE211	22498	29034	29210	27318	30377	28161	27954	28548
TOTAL	THS_T	BE212	8032	8284	9015	7668	7861	8774	7805	7875
TOTAL	THS_T	BE213	12832	12632	12849	12334	13702	11286	13189	13008
TOTAL	THS_T	BE221	11610	14489	11745	12299	10462	11926	10324	11306
TOTAL	THS_T	BE222	5789	6265	5569	5596	5839	5172	5614	5761
TOTAL	THS_T	BE223	4287	4594	4528	5411	5177	4987	7359	6541
TOTAL	THS_T	BE231	4209	5318	4586	5077	4529	5342	4580	4635
TOTAL	THS_T	BE232	4624	4321	3626	3982	3941	3825	3747	3036
TOTAL	THS_T	BE233	1257	1957	1577	1504	1650	1330	1388	1579
TOTAL	THS_T	BE234	17094	20721	19450	19149	16822	23586	19453	21778
TOTAL	THS_T	BE235	2243	2494	2659	2501	1876	1819	2066	2107
TOTAL	THS_T	BE236	6497	5448	5821	5949	5827	5518	6533	6097
TOTAL	THS_T	BE241	11803	13400	14048	13522	15049	14676	13397	15452
TOTAL	THS_T	BE242	6100	6803	4619	5689	5065	4992	5523	5888
TOTAL	THS_T	BE251	8205	7910	6727	7529	6908	6444	7111	7477
TOTAL	THS_T	BE252	1843	1970	1780	1732	1860	1579	1634	1379
TOTAL	THS_T	BE253	3494	3205	3036	3068	3122	2731	2725	3041
TOTAL	THS_T	BE254	6267	8465	7646	7476	6914	6629	6899	7363
TOTAL	THS_T	BE255	1877	3272	3796	2804	3028	5165	2340	3008
TOTAL	THS_T	BE256	7423	8339	8179	7442	6393	6795	6666	6602
TOTAL	THS_T	BE257	5289	5617	4604	4433	3850	4235	4651	3835
TOTAL	THS_T	BE258	1193	2610	2516	2159	2406	4447	2492	2153
TOTAL	THS_T	BE310	4195	5909	6824	5579	7415	6964	6782	7390
TOTAL	THS_T	BE321	1604	1803	1622	1483	1264	1394	1217	1598
TOTAL	THS_T	BE322	4591	6112	5865	6181	7315	6061	5578	8812
TOTAL	THS_T	BE323	2500	3528	4208	4443	3916	3470	3727	3511
TOTAL	THS_T	BE324	1320	1400	1664	1298	1408	1594	1523	1405
TOTAL	THS_T	BE325	3046	4263	8000	5849	4956	5070	4540	4837
TOTAL	THS_T	BE326	920	1263	1263	1240	829	1144	1459	1643
TOTAL	THS_T	BE327	5185	7162	5944	6666	7127	6507	6764	6457
TOTAL	THS_T	BE331	2220	6768	5890	5246	4087	4419	4869	6734
TOTAL	THS_T	BE332	7616	6486	7152	8867	7471	6850	7699	11493
TOTAL	THS_T	BE334	788	813	964	703	1123	891	1020	908
TOTAL	THS_T	BE335	2838	2775	2643	3329	2199	1959	1943	2342
TOTAL	THS_T	BE336	1055	739	727	1018	786	1193	929	933
TOTAL	THS_T	BE341	417	372	530	689	372	268	522	268
TOTAL	THS_T	BE342	1326	1582	906	679	572	688	1253	847
TOTAL	THS_T	BE343	1031	744	1238	833	1212	692	1036	1013
TOTAL	THS_T	BE344	1768	2373	1705	2087	1236	2122	1193	1733
TOTAL	THS_T	BE345	389	322	309	232	430	292	432	424
TOTAL	THS_T	BE351	1580	4409	5845	3146	3067	2058	2651	2449
TOTAL	THS_T	BE352	5065	8431	10763	8255	7609	7629	7556	8705
TOTAL	THS_T	BE353	937	1216	1348	967	1378	1482	1772	1647
TOTAL	THS_T	BEXXX	83	:	:	:	:	:	:	:
TOTAL	THS_T	BG311	381	959	1146	583	533	736	1510	474
TOTAL	THS_T	BG312	3681	1993	1080	778	1302	2388	2012	2979
TOTAL	THS_T	BG313	1208	3021	2967	1980	2948	1835	3455	3085
TOTAL	THS_T	BG314	3829	3503	3704	3232	3190	3693	7088	8888
TOTAL	THS_T	BG315	2709	2583	1864	2617	2167	2500	1154	2779
TOTAL	THS_T	BG321	3205	4578	7219	2702	4689	3709	3719	3592
TOTAL	THS_T	BG322	602	1772	1540	1155	861	659	1309	2191
TOTAL	THS_T	BG323	4908	6425	3824	4501	4339	4881	4654	4007
TOTAL	THS_T	BG324	1899	2995	4515	1848	1660	1363	2241	2055
TOTAL	THS_T	BG325	1816	1309	2570	1731	3374	1559	1262	3300
TOTAL	THS_T	BG331	13735	20411	18499	9117	11162	11140	12504	18989
TOTAL	THS_T	BG332	2748	2961	3106	3068	1982	2225	2987	3087
TOTAL	THS_T	BG333	5956	5637	5561	4307	2680	2716	2333	3898
TOTAL	THS_T	BG334	5434	3563	3873	3143	2313	1856	3363	3612
TOTAL	THS_T	BG341	10715	11279	10608	7855	10913	8798	12299	14398
TOTAL	THS_T	BG342	2263	1640	3543	3742	6661	2142	1952	2515
TOTAL	THS_T	BG343	2385	2630	2378	5740	2751	1338	2817	2842
TOTAL	THS_T	BG344	8437	7522	7212	9183	9359	5628	11174	9916
TOTAL	THS_T	BG411	15128	12276	16046	13315	16357	16269	15073	20713
TOTAL	THS_T	BG412	10619	7908	4852	9377	5340	10445	6041	8867
TOTAL	THS_T	BG413	5936	3956	4140	5456	3125	3931	4196	8787
TOTAL	THS_T	BG414	1551	1655	4693	2792	1604	4720	2146	2628
TOTAL	THS_T	BG415	4343	1699	3438	1288	1556	1910	399	5861
TOTAL	THS_T	BG421	6945	8893	8234	8542	10590	7427	8552	9690
TOTAL	THS_T	BG422	4834	6862	5901	5240	3288	4586	6561	7068
TOTAL	THS_T	BG423	4618	3099	3096	3515	4454	4986	7617	3626
TOTAL	THS_T	BG424	2464	1736	2087	1567	1658	1703	7332	2727
TOTAL	THS_T	BG425	2013	1401	1059	3796	778	2945	1109	6018
TOTAL	THS_T	CH011	21699	21139	17314	20462	17619	15772	20755	20043
TOTAL	THS_T	CH012	14264	11368	15891	12346	12681	10710	10128	10858
TOTAL	THS_T	CH013	7620	7413	7746	9154	7701	7399	7532	8416
TOTAL	THS_T	CH021	37576	42040	34256	36806	40537	34514	35550	35542
TOTAL	THS_T	CH022	11502	15762	9630	10481	9884	11018	7803	9942
TOTAL	THS_T	CH023	10301	11652	10226	11040	11699	8996	8688	9469
TOTAL	THS_T	CH024	5111	3815	3151	4589	3333	2119	4038	3386
TOTAL	THS_T	CH025	1646	3068	2213	3107	2581	2098	3214	2484
TOTAL	THS_T	CH031	6305	4335	5359	4563	4280	4252	5219	5243
TOTAL	THS_T	CH032	10842	17541	11297	12602	13575	11316	14324	10327
TOTAL	THS_T	CH033	27110	27339	25997	25794	27227	23627	25006	22820
TOTAL	THS_T	CH040	39133	33903	43860	35960	41571	43568	37654	47144
TOTAL	THS_T	CH051	2422	3261	2648	3553	2524	3377	5252	3708
TOTAL	THS_T	CH052	935	2139	3944	1558	2145	1270	1704	1693
TOTAL	THS_T	CH053	1194	1060	847	1930	1042	1569	925	857
TOTAL	THS_T	CH054	898	829	598	1203	417	293	220	1019
TOTAL	THS_T	CH055	22590	22949	21835	19919	20989	20380	18488	16720
TOTAL	THS_T	CH056	9938	8198	10172	7622	7745	9301	10050	10769
TOTAL	THS_T	CH057	8583	8850	14535	12681	12172	9621	9796	11655
TOTAL	THS_T	CH061	18278	18731	14517	20131	19892	17677	15307	15891
TOTAL	THS_T	CH062	1737	2260	1707	4136	2914	3210	2645	2067
TOTAL	THS_T	CH063	5785	6327	7128	6350	6281	9068	6138	6904
TOTAL	THS_T	CH064	2040	1710	1450	3932	2163	1311	2515	1005
TOTAL	THS_T	CH065	1187	2295	1637	2932	3240	2107	2946	2344
TOTAL	THS_T	CH066	2646	2355	4473	2515	3448	3910	3822	3789
TOTAL	THS_T	CH070	7157	10458	11386	12137	10247	10844	11278	11320
TOTAL	THS_T	CY000	14384	14569	16099	22941	26018	32216	28493	41601
TOTAL	THS_T	CZ010	24421	19846	18213	18313	21711	26600	25531	32706
TOTAL	THS_T	CZ020	62029	56642	50230	51057	45915	55673	53710	57039
TOTAL	THS_T	CZ031	23441	21088	19291	20189	18652	17929	19377	19938
TOTAL	THS_T	CZ032	25307	21558	22414	17992	24247	18673	19501	26185
TOTAL	THS_T	CZ041	13253	10730	11083	8559	8662	11510	12601	12485
TOTAL	THS_T	CZ042	28765	25040	26854	30157	25885	27689	27255	36369
TOTAL	THS_T	CZ051	15090	10172	8544	8289	8805	10954	9670	14012
TOTAL	THS_T	CZ052	20570	16265	15133	14044	17536	12320	16522	17859
TOTAL	THS_T	CZ053	19943	16948	15222	12602	14166	14423	16343	20090
TOTAL	THS_T	CZ063	19121	15516	12487	9854	13296	14551	18543	20061
TOTAL	THS_T	CZ064	40374	35683	29350	25806	26051	27880	31335	40006
TOTAL	THS_T	CZ071	25659	26760	18776	23872	21159	19474	25554	25133
TOTAL	THS_T	CZ072	17652	14025	9708	10342	10958	12212	12367	13144
TOTAL	THS_T	CZ080	39908	33808	31809	30265	31481	31502	36670	47356
TOTAL	THS_T	DE111	:	16880	13367	14767	10400	14124	12008	12132
TOTAL	THS_T	DE112	:	13841	12149	12654	10831	9339	8836	10817
TOTAL	THS_T	DE113	:	15668	12131	13496	13487	11716	13085	13418
TOTAL	THS_T	DE114	:	8711	7110	5637	6470	5998	5614	7369
TOTAL	THS_T	DE115	:	18230	17594	16425	16274	14774	15463	17066
TOTAL	THS_T	DE116	:	9079	7410	7282	7539	6319	7838	7165
TOTAL	THS_T	DE117	:	7109	7037	8146	8741	8931	7091	1267
TOTAL	THS_T	DE118	:	13975	12252	12955	12108	12766	11613	18973
TOTAL	THS_T	DE119	:	7218	5864	4982	6175	4481	5188	5757
TOTAL	THS_T	DE11A	:	8830	10568	9803	9011	9215	8114	9740
TOTAL	THS_T	DE11B	:	4963	4663	3253	4586	4011	4108	3785
TOTAL	THS_T	DE11C	:	7297	7320	7849	6673	6074	7026	6819
TOTAL	THS_T	DE11D	:	8649	8115	7632	7604	7105	6858	6791
TOTAL	THS_T	DE121	:	1062	1496	1265	1287	807	1490	1684
TOTAL	THS_T	DE122	:	15874	12957	13468	14356	12634	14283	3099
TOTAL	THS_T	DE123	:	16080	13496	14729	14379	11295	12742	24474
TOTAL	THS_T	DE124	:	11059	9693	10848	9197	8406	8787	9735
TOTAL	THS_T	DE125	:	1264	1636	1671	1510	1564	2147	2270
TOTAL	THS_T	DE126	:	14270	14281	13438	12660	12367	11275	13262
TOTAL	THS_T	DE127	:	3263	3355	3742	3451	2579	3705	4167
TOTAL	THS_T	DE128	:	14051	14708	14557	14198	15573	12374	15200
TOTAL	THS_T	DE129	:	2581	1926	1443	1707	1631	1496	2077
TOTAL	THS_T	DE12A	:	3452	3206	2857	3808	3464	3463	2959
TOTAL	THS_T	DE12B	:	6606	6923	5265	5233	4309	4856	6977
TOTAL	THS_T	DE12C	:	3682	3603	3436	3486	3390	3466	4100
TOTAL	THS_T	DE131	:	3105	2676	3243	3137	2806	2445	2868
TOTAL	THS_T	DE132	:	8422	6794	8854	7226	7338	7866	8063
TOTAL	THS_T	DE133	:	3646	4798	3598	3837	3168	3697	4689
TOTAL	THS_T	DE134	:	20037	19874	19156	19757	17014	18166	19576
TOTAL	THS_T	DE135	:	6332	5263	4472	5251	4239	4067	3815
TOTAL	THS_T	DE136	:	6622	5773	5987	6395	5256	5468	7029
TOTAL	THS_T	DE137	:	4211	4924	3684	4061	3229	3625	4679
TOTAL	THS_T	DE138	:	10461	7183	8024	8643	5771	5609	7084
TOTAL	THS_T	DE139	:	5835	5078	5582	6111	5004	4884	4887
TOTAL	THS_T	DE13A	:	4282	3866	3599	4861	4636	4240	4622
TOTAL	THS_T	DE141	:	7917	6864	6471	7131	5745	6104	7530
TOTAL	THS_T	DE142	:	3354	3163	3981	3005	2201	2565	2686
TOTAL	THS_T	DE143	:	8164	7735	5957	6701	5204	7249	7226
TOTAL	THS_T	DE144	:	7325	6548	5157	6016	4645	4270	6190
TOTAL	THS_T	DE145	:	11031	12073	10582	11662	10699	9875	10920
TOTAL	THS_T	DE146	:	11117	9856	11281	9588	8784	9944	11023
TOTAL	THS_T	DE147	:	4011	5287	5160	4263	3615	3520	3473
TOTAL	THS_T	DE148	:	11906	12104	10643	10952	9242	9512	10964
TOTAL	THS_T	DE149	:	6558	7592	7501	6303	6302	7643	6493
TOTAL	THS_T	DE211	:	7434	6485	6774	4572	5378	5256	5936
TOTAL	THS_T	DE212	:	20505	20148	18513	19294	17434	17455	21191
TOTAL	THS_T	DE213	:	1673	1113	1046	839	1197	1198	1132
TOTAL	THS_T	DE214	:	5202	6117	5112	5723	4490	5758	6616
TOTAL	THS_T	DE215	:	5124	3141	3304	2090	2840	3681	3449
TOTAL	THS_T	DE216	:	2812	2677	2092	2609	2522	3999	2778
TOTAL	THS_T	DE217	:	5939	3750	3910	3633	3311	3062	3966
TOTAL	THS_T	DE218	:	5580	4805	4139	4710	5675	4915	5940
TOTAL	THS_T	DE219	:	12333	9997	8834	11242	9796	9371	10249
TOTAL	THS_T	DE21A	:	6109	7211	4961	6060	4619	4765	6607
TOTAL	THS_T	DE21B	:	13160	10876	10586	9100	7801	7708	7306
TOTAL	THS_T	DE21C	:	5013	3283	3122	2700	3995	4813	5628
TOTAL	THS_T	DE21D	:	2118	1583	1013	1142	885	1423	1815
TOTAL	THS_T	DE21E	:	6314	5084	4993	5408	3448	5064	7268
TOTAL	THS_T	DE21F	:	2862	3905	2553	2509	1221	2320	2338
TOTAL	THS_T	DE21G	:	5155	4862	3816	3757	3737	4286	3339
TOTAL	THS_T	DE21H	:	16749	11627	12550	11764	9418	11809	13696
TOTAL	THS_T	DE21I	:	7418	7196	6498	6152	5850	5823	6935
TOTAL	THS_T	DE21J	:	9524	9913	8347	8412	10381	10014	10215
TOTAL	THS_T	DE21K	:	10080	9802	8266	7737	6742	7342	10483
TOTAL	THS_T	DE21L	:	1938	3115	2269	2879	2697	2626	2412
TOTAL	THS_T	DE21M	:	10021	7086	8844	9162	7160	7496	7368
TOTAL	THS_T	DE21N	:	3906	4209	4612	3936	3165	2895	4117
TOTAL	THS_T	DE221	:	2604	2737	2926	2483	2004	2023	2517
TOTAL	THS_T	DE222	:	1412	1459	1840	1470	879	1128	1330
TOTAL	THS_T	DE223	:	3086	2561	2526	2599	2432	2882	2826
TOTAL	THS_T	DE224	:	7764	9215	8087	7444	7495	6080	6073
TOTAL	THS_T	DE225	:	2017	2131	1967	1533	1805	2206	2077
TOTAL	THS_T	DE226	:	6671	7460	6597	7242	5357	5137	7052
TOTAL	THS_T	DE227	:	8414	7467	7738	8444	5289	5449	5360
TOTAL	THS_T	DE228	:	10775	10474	8689	8981	8448	9449	9135
TOTAL	THS_T	DE229	:	2393	1643	1948	1636	2067	1889	1973
TOTAL	THS_T	DE22A	:	4622	4575	3793	5460	3423	3329	3942
TOTAL	THS_T	DE22B	:	5477	3892	3705	3214	2989	3458	5571
TOTAL	THS_T	DE22C	:	8297	8121	6859	6395	5942	4462	5121
TOTAL	THS_T	DE231	:	1484	1973	1576	1192	1354	1697	1495
TOTAL	THS_T	DE232	:	9729	7306	8496	7061	6435	5927	6610
TOTAL	THS_T	DE233	:	1744	1642	1637	1930	1594	1762	1750
TOTAL	THS_T	DE234	:	6780	4939	6603	5650	4756	4447	6193
TOTAL	THS_T	DE235	:	5490	4758	4617	3864	4277	3869	4337
TOTAL	THS_T	DE236	:	8648	8020	10443	7625	9509	7093	7093
TOTAL	THS_T	DE237	:	4631	5729	5437	4315	3459	5220	6507
TOTAL	THS_T	DE238	:	9471	8891	7041	6689	5496	7049	6304
TOTAL	THS_T	DE239	:	9873	10076	8801	8776	7577	8195	8985
TOTAL	THS_T	DE23A	:	3587	2530	2860	3303	2148	2620	3447
TOTAL	THS_T	DE241	:	2616	2924	2002	2462	2431	2012	2679
TOTAL	THS_T	DE242	:	1549	2193	1799	1333	1375	1556	1503
TOTAL	THS_T	DE243	:	1545	1102	1973	2000	1605	1543	1551
TOTAL	THS_T	DE244	:	1813	1885	2054	2093	1867	2146	2010
TOTAL	THS_T	DE245	:	4462	4808	4781	4746	4230	3746	5655
TOTAL	THS_T	DE246	:	4757	4122	4258	4031	2988	3181	3253
TOTAL	THS_T	DE247	:	3199	3461	4445	3223	4516	3523	3258
TOTAL	THS_T	DE248	:	4126	4081	3781	3830	4106	2380	2536
TOTAL	THS_T	DE249	:	4036	4023	5517	5570	3981	4051	3786
TOTAL	THS_T	DE24A	:	2441	2674	1783	2855	2470	2350	1988
TOTAL	THS_T	DE24B	:	3619	4093	3731	4499	3941	3308	3676
TOTAL	THS_T	DE24C	:	4023	4108	3687	3743	3937	2005	3656
TOTAL	THS_T	DE24D	:	2491	2288	2406	2295	2649	2290	2294
TOTAL	THS_T	DE251	:	2049	1152	1645	1455	1122	1133	2205
TOTAL	THS_T	DE252	:	1302	3182	1729	1680	1293	1668	1098
TOTAL	THS_T	DE253	:	1602	2440	2026	2203	1792	1543	1925
TOTAL	THS_T	DE254	:	16741	16485	16367	17432	17166	15849	18716
TOTAL	THS_T	DE255	:	1583	1036	1102	1427	927	1596	1422
TOTAL	THS_T	DE256	:	8202	7821	7905	8597	6517	6469	8169
TOTAL	THS_T	DE257	:	2769	3581	3582	3268	3409	2133	2842
TOTAL	THS_T	DE258	:	1610	1064	1061	1677	1292	1007	1337
TOTAL	THS_T	DE259	:	6165	6038	6635	7276	5436	7203	6924
TOTAL	THS_T	DE25A	:	3905	4572	6151	4662	4566	5106	6616
TOTAL	THS_T	DE25B	:	4362	4370	4222	4193	4025	4187	3428
TOTAL	THS_T	DE25C	:	6680	6310	5433	5205	5374	6449	4688
TOTAL	THS_T	DE261	:	3343	3263	3267	3010	2922	2687	2937
TOTAL	THS_T	DE262	:	2825	3214	2589	2098	2440	1864	2786
TOTAL	THS_T	DE263	:	4188	4204	4677	4202	3564	4620	5663
TOTAL	THS_T	DE264	:	6685	7470	6082	7069	6092	6238	5874
TOTAL	THS_T	DE265	:	3497	3500	2892	4121	3754	3465	3248
TOTAL	THS_T	DE266	:	3746	3018	3037	4025	2795	3494	2897
TOTAL	THS_T	DE267	:	4731	4449	4511	5033	4110	4072	4413
TOTAL	THS_T	DE268	:	6731	7498	5243	6709	6557	5533	6750
TOTAL	THS_T	DE269	:	3390	3867	3171	3214	3095	2364	3113
TOTAL	THS_T	DE26A	:	6025	5466	5780	5875	5459	4758	5325
TOTAL	THS_T	DE26B	:	3880	3922	3771	3918	3878	3913	3836
TOTAL	THS_T	DE26C	:	7358	6621	6270	7315	6693	6581	5671
TOTAL	THS_T	DE271	:	5920	6795	5723	6092	5812	5917	7552
TOTAL	THS_T	DE272	:	979	1020	1918	685	910	1065	1282
TOTAL	THS_T	DE273	:	1516	2159	2053	2024	2545	1999	2788
TOTAL	THS_T	DE274	:	2764	2527	2883	2100	1952	1952	2574
TOTAL	THS_T	DE275	:	5298	4987	3884	5617	5522	7824	6313
TOTAL	THS_T	DE276	:	11505	11518	14172	12322	10452	10113	10708
TOTAL	THS_T	DE277	:	8511	5903	6233	6834	6126	5498	7329
TOTAL	THS_T	DE278	:	6556	5197	7398	8055	4823	5101	6023
TOTAL	THS_T	DE279	:	7349	6896	5694	6573	6362	6314	6419
TOTAL	THS_T	DE27A	:	1708	2034	1445	2913	1106	1703	2583
TOTAL	THS_T	DE27B	:	6837	7427	4849	6465	3871	7663	8940
TOTAL	THS_T	DE27C	:	9439	8586	8099	9012	7464	6614	9531
TOTAL	THS_T	DE27D	:	11772	9600	10625	9640	8898	8804	8901
TOTAL	THS_T	DE27E	:	3769	4722	3848	5274	2652	3599	4779
TOTAL	THS_T	DE300	:	33350	31096	31651	30225	29088	29931	30630
TOTAL	THS_T	DE401	:	1957	:	:	:	:	:	:
TOTAL	THS_T	DE402	:	1083	:	:	:	:	:	:
TOTAL	THS_T	DE403	:	1309	:	:	:	:	:	:
TOTAL	THS_T	DE404	:	3059	:	:	:	:	:	:
TOTAL	THS_T	DE405	:	8993	:	:	:	:	:	:
TOTAL	THS_T	DE406	:	8375	:	:	:	:	:	:
TOTAL	THS_T	DE407	:	5768	:	:	:	:	:	:
TOTAL	THS_T	DE408	:	7146	:	:	:	:	:	:
TOTAL	THS_T	DE409	:	8868	:	:	:	:	:	:
TOTAL	THS_T	DE40A	:	8748	:	:	:	:	:	:
TOTAL	THS_T	DE40B	:	6533	:	:	:	:	:	:
TOTAL	THS_T	DE40C	:	7040	:	:	:	:	:	:
TOTAL	THS_T	DE40D	:	5573	:	:	:	:	:	:
TOTAL	THS_T	DE40E	:	9251	:	:	:	:	:	:
TOTAL	THS_T	DE40F	:	4023	:	:	:	:	:	:
TOTAL	THS_T	DE40G	:	5552	:	:	:	:	:	:
TOTAL	THS_T	DE40H	:	11779	:	:	:	:	:	:
TOTAL	THS_T	DE40I	:	7036	:	:	:	:	:	:
TOTAL	THS_T	DE411	:	:	1489	1262	2215	1792	1417	1678
TOTAL	THS_T	DE412	:	:	9940	10799	8762	8591	9140	9636
TOTAL	THS_T	DE413	:	:	8757	7872	8224	8138	7489	7717
TOTAL	THS_T	DE414	:	:	7671	7675	6781	6501	7178	5836
TOTAL	THS_T	DE415	:	:	6728	6512	6901	6097	6839	7611
TOTAL	THS_T	DE416	:	:	5800	5948	5768	4797	6108	6080
TOTAL	THS_T	DE417	:	:	2933	2272	2598	2563	2715	2869
TOTAL	THS_T	DE418	:	:	6223	9280	7683	6622	6993	7121
TOTAL	THS_T	DE421	:	:	1986	1843	1997	2050	2336	3333
TOTAL	THS_T	DE422	:	:	1295	1354	1832	1251	2160	2319
TOTAL	THS_T	DE423	:	:	3259	2839	3247	3116	2569	3208
TOTAL	THS_T	DE424	:	:	9043	9383	12070	10573	11480	11015
TOTAL	THS_T	DE425	:	:	5715	4249	6303	5464	4694	5668
TOTAL	THS_T	DE426	:	:	7445	6944	6239	5066	6085	6793
TOTAL	THS_T	DE427	:	:	6739	4624	8157	6653	8868	7356
TOTAL	THS_T	DE428	:	:	8059	7583	7948	6928	6427	7095
TOTAL	THS_T	DE429	:	:	5517	4719	6324	5712	6944	4734
TOTAL	THS_T	DE42A	:	:	11049	11589	11671	11951	10895	12052
TOTAL	THS_T	DE501	:	23298	22757	27537	24801	22576	22415	26248
TOTAL	THS_T	DE502	:	6860	6774	6145	6493	5554	5332	9263
TOTAL	THS_T	DE600	:	63671	64226	59793	62586	61756	65002	69889
TOTAL	THS_T	DE711	:	2573	2072	2587	2275	2553	2255	1929
TOTAL	THS_T	DE712	:	18771	17065	17655	17402	18002	15472	17669
TOTAL	THS_T	DE713	:	1635	1487	923	1337	1229	1289	1694
TOTAL	THS_T	DE714	:	4821	4881	5188	5265	5400	5663	5741
TOTAL	THS_T	DE715	:	8591	7844	7466	8128	6703	7322	6952
TOTAL	THS_T	DE716	:	7633	7687	6351	7927	7873	8708	7652
TOTAL	THS_T	DE717	:	12480	11707	12536	11756	11030	11563	10854
TOTAL	THS_T	DE718	:	3208	3655	3348	3424	3682	2465	2958
TOTAL	THS_T	DE719	:	9827	7823	8628	8040	8494	8118	10008
TOTAL	THS_T	DE71A	:	5085	5006	5249	5085	5350	5271	5242
TOTAL	THS_T	DE71B	:	1254	1474	1214	1197	1184	1586	1300
TOTAL	THS_T	DE71C	:	6889	7436	6740	7377	8164	6991	6435
TOTAL	THS_T	DE71D	:	1689	1661	1807	2202	1769	1405	1598
TOTAL	THS_T	DE71E	:	7909	7463	7174	7124	10291	8617	9385
TOTAL	THS_T	DE721	:	6711	7012	6517	7760	6716	6347	7503
TOTAL	THS_T	DE722	:	10122	9417	9450	9825	9905	8536	10603
TOTAL	THS_T	DE723	:	6308	5939	4993	5355	5181	5405	5021
TOTAL	THS_T	DE724	:	5882	7082	6817	6920	6209	7181	8501
TOTAL	THS_T	DE725	:	4447	4172	4240	4925	4185	3867	4671
TOTAL	THS_T	DE731	:	5687	6100	5332	5685	5258	5702	6997
TOTAL	THS_T	DE732	:	13178	11502	12653	11364	11851	10759	12555
TOTAL	THS_T	DE733	:	8854	8243	8194	8632	8071	6708	7538
TOTAL	THS_T	DE734	:	7436	8608	6832	8190	6659	6208	6872
TOTAL	THS_T	DE735	:	11685	10395	10890	12705	10584	9649	10385
TOTAL	THS_T	DE736	:	4937	5270	5030	5840	4911	4712	5648
TOTAL	THS_T	DE737	:	5404	4355	4017	5311	4166	4728	4219
TOTAL	THS_T	DE801	:	1239	636	910	726	851	749	659
TOTAL	THS_T	DE802	:	1450	1872	1536	1699	1402	1345	1788
TOTAL	THS_T	DE803	:	6275	6677	6810	8123	6582	5961	6326
TOTAL	THS_T	DE804	:	1983	1873	1857	1906	1690	1735	1786
TOTAL	THS_T	DE805	:	1316	1023	1034	1314	1196	989	1267
TOTAL	THS_T	DE806	:	2496	2995	3272	3032	2937	2343	3042
TOTAL	THS_T	DE807	:	3374	2999	3646	3302	3020	3878	3918
TOTAL	THS_T	DE808	:	7330	5914	6808	6406	6672	6025	6578
TOTAL	THS_T	DE809	:	4790	5003	5518	5425	5013	4658	5671
TOTAL	THS_T	DE80A	:	8392	7547	8689	8173	6622	8337	7781
TOTAL	THS_T	DE80B	:	3597	3626	3373	3867	2756	3138	2816
TOTAL	THS_T	DE80C	:	3171	4460	3284	2899	3077	3256	2702
TOTAL	THS_T	DE80D	:	3689	3415	3328	3781	3906	3200	3805
TOTAL	THS_T	DE80E	:	5877	5537	6082	5460	4869	5537	6730
TOTAL	THS_T	DE80F	:	4699	3406	4268	3617	3102	4285	4403
TOTAL	THS_T	DE80G	:	4580	4092	3807	4252	3584	3563	4788
TOTAL	THS_T	DE80H	:	2468	1685	2148	3611	3910	4321	3429
TOTAL	THS_T	DE80I	:	1927	2352	2834	2219	2302	2435	2351
TOTAL	THS_T	DE911	:	7114	6810	7541	6741	7058	6691	7263
TOTAL	THS_T	DE912	:	8417	7556	7403	7263	6655	6667	8623
TOTAL	THS_T	DE913	:	6963	5827	5798	6280	3741	4816	5089
TOTAL	THS_T	DE914	:	3298	3858	3423	3464	3037	4084	3595
TOTAL	THS_T	DE915	:	6278	6313	6082	6123	7551	6419	5824
TOTAL	THS_T	DE916	:	9538	6494	8073	7140	6123	6261	5295
TOTAL	THS_T	DE917	:	4099	3354	2678	3663	3180	3580	3806
TOTAL	THS_T	DE918	:	4231	3817	3784	3830	5188	3607	3585
TOTAL	THS_T	DE919	:	3900	3455	3727	3095	2646	3595	3849
TOTAL	THS_T	DE91A	:	5412	4981	4705	6231	3687	4788	5684
TOTAL	THS_T	DE91B	:	3397	2413	2617	2908	3248	3790	2429
TOTAL	THS_T	DE922	:	9884	8476	8709	11281	7610	9606	9349
TOTAL	THS_T	DE923	:	4205	3581	4229	3874	4154	4142	4753
TOTAL	THS_T	DE925	:	9133	9702	10238	9048	8671	8950	8085
TOTAL	THS_T	DE926	:	3603	3428	3329	3591	2806	3525	3119
TOTAL	THS_T	DE927	:	7373	6636	7469	7532	5448	6554	7086
TOTAL	THS_T	DE928	:	6475	5383	6271	5966	5775	5341	5508
TOTAL	THS_T	DE929	:	36864	31891	34515	33248	27113	31203	31896
TOTAL	THS_T	DE931	:	3698	3396	3872	3621	2538	2543	2762
TOTAL	THS_T	DE932	:	7214	6410	6311	4935	4673	3590	7972
TOTAL	THS_T	DE933	:	11914	11470	9209	10054	8614	8768	9206
TOTAL	THS_T	DE934	:	1436	1752	1331	1737	1889	1689	1505
TOTAL	THS_T	DE935	:	3769	4187	4124	4515	3911	3624	5339
TOTAL	THS_T	DE936	:	2662	2481	2413	2802	1918	2066	1430
TOTAL	THS_T	DE937	:	7312	5613	6756	6679	6811	7222	5352
TOTAL	THS_T	DE938	:	4941	6102	5228	4636	4212	6041	4521
TOTAL	THS_T	DE939	:	7869	6439	6159	6325	6192	7829	6218
TOTAL	THS_T	DE93A	:	3858	3514	2957	3371	2965	3448	3935
TOTAL	THS_T	DE93B	:	4893	5078	5894	4984	5531	5085	5037
TOTAL	THS_T	DE941	:	1475	765	928	1059	1159	856	977
TOTAL	THS_T	DE942	:	2892	3474	2936	2378	2468	3095	2250
TOTAL	THS_T	DE943	:	3441	3428	4558	4256	3742	4001	4473
TOTAL	THS_T	DE944	:	6146	6381	6625	7129	7365	6154	7357
TOTAL	THS_T	DE945	:	2455	3150	3870	3354	3671	3516	3153
TOTAL	THS_T	DE946	:	6918	5623	5536	5651	5985	5776	3925
TOTAL	THS_T	DE947	:	3682	4753	4584	4245	4161	3617	3959
TOTAL	THS_T	DE948	:	13888	14444	13519	13244	13049	11801	10940
TOTAL	THS_T	DE949	:	19543	20908	19410	19261	19708	15500	17497
TOTAL	THS_T	DE94A	:	2890	4683	3815	3478	3570	3401	3215
TOTAL	THS_T	DE94B	:	4975	5539	6051	6228	5451	3790	4183
TOTAL	THS_T	DE94C	:	4377	4614	5206	4599	3641	4869	4219
TOTAL	THS_T	DE94D	:	6337	5753	6612	5440	6334	4998	5209
TOTAL	THS_T	DE94E	:	17633	15761	13837	15049	14250	12346	15827
TOTAL	THS_T	DE94F	:	12674	11245	11311	11725	10460	11270	10911
TOTAL	THS_T	DE94G	:	5796	5620	5679	5233	4477	2952	5535
TOTAL	THS_T	DE94H	:	1606	1106	1423	1326	2043	1628	1714
TOTAL	THS_T	DEA11	:	11873	13180	12404	13390	13104	10715	14109
TOTAL	THS_T	DEA12	:	24115	23137	23423	24913	22998	20778	25326
TOTAL	THS_T	DEA13	:	9708	8569	9369	10656	8914	11114	10391
TOTAL	THS_T	DEA14	:	8058	8507	9062	8253	8578	8341	11011
TOTAL	THS_T	DEA15	:	5910	6316	5797	5628	5346	5762	5575
TOTAL	THS_T	DEA16	:	3684	3287	3609	3443	3142	3457	4005
TOTAL	THS_T	DEA17	:	3796	4287	4311	4297	3312	4095	5032
TOTAL	THS_T	DEA18	:	1861	1810	1633	1496	1916	1726	2274
TOTAL	THS_T	DEA19	:	1945	2058	2170	1629	1589	1335	2046
TOTAL	THS_T	DEA1A	:	7113	5633	6340	5751	6882	6856	7222
TOTAL	THS_T	DEA1B	:	10557	8938	9304	9740	7796	8789	9753
TOTAL	THS_T	DEA1C	:	12525	11904	11222	11816	11677	9349	13205
TOTAL	THS_T	DEA1D	:	20766	21483	20874	20304	20597	16562	20165
TOTAL	THS_T	DEA1E	:	8287	6591	6922	8791	7960	7001	10678
TOTAL	THS_T	DEA1F	:	16936	18190	18270	21675	18224	21115	19976
TOTAL	THS_T	DEA21	:	:	:	:	3434	3145	2974	5025
TOTAL	THS_T	DEA22	:	2654	2578	2560	3264	2774	2225	2436
TOTAL	THS_T	DEA23	:	24445	26007	24771	23471	23904	27157	29912
TOTAL	THS_T	DEA24	:	3727	3831	3452	3707	3352	3404	5110
TOTAL	THS_T	DEA25	:	:	:	:	5928	7108	6232	6509
TOTAL	THS_T	DEA26	:	10425	8897	9719	10242	10860	11724	13203
TOTAL	THS_T	DEA27	:	25935	25334	27783	29794	25547	27311	24222
TOTAL	THS_T	DEA28	:	6494	6006	6220	5604	6323	5739	7366
TOTAL	THS_T	DEA29	:	9056	8304	7312	6962	5775	6614	7853
TOTAL	THS_T	DEA2A	:	7765	7710	7246	6995	5614	6134	7848
TOTAL	THS_T	DEA2B	:	3664	2718	2524	3181	3332	2650	3686
TOTAL	THS_T	DEA2C	:	15162	14329	13423	16097	13293	13158	16229
TOTAL	THS_T	DEA2D	:	10991	10119	11115	:	:	:	:
TOTAL	THS_T	DEA31	:	4511	6953	4739	4848	3509	4222	6568
TOTAL	THS_T	DEA32	:	9193	9930	9889	9935	8853	9328	10993
TOTAL	THS_T	DEA33	:	5637	5894	6457	6385	5928	5175	5044
TOTAL	THS_T	DEA34	:	13027	12533	13324	12256	11671	11298	12111
TOTAL	THS_T	DEA35	:	5990	5132	6466	5715	5574	5102	4526
TOTAL	THS_T	DEA36	:	22465	21799	19406	22491	20096	23321	22462
TOTAL	THS_T	DEA37	:	19400	18906	18450	20678	16752	16415	18662
TOTAL	THS_T	DEA38	:	11114	11061	9344	9672	9401	10166	10496
TOTAL	THS_T	DEA41	:	7570	8378	7503	9298	9208	6897	8705
TOTAL	THS_T	DEA42	:	15825	13912	13080	15653	12382	12200	14420
TOTAL	THS_T	DEA43	:	7635	6643	7890	7270	6802	5865	7218
TOTAL	THS_T	DEA44	:	6213	5450	5547	6962	5498	6880	6666
TOTAL	THS_T	DEA45	:	9624	9473	8866	8350	9120	6781	9673
TOTAL	THS_T	DEA46	:	11613	11843	11502	11720	10701	9671	11018
TOTAL	THS_T	DEA47	:	11137	11208	9711	11339	10432	8823	11592
TOTAL	THS_T	DEA51	:	7929	7303	7294	7850	6133	6692	8719
TOTAL	THS_T	DEA52	:	15193	14312	15197	17471	16100	17512	21340
TOTAL	THS_T	DEA53	:	11020	10350	11152	10818	9905	9019	11406
TOTAL	THS_T	DEA54	:	7917	7644	7285	7976	6918	8658	8931
TOTAL	THS_T	DEA55	:	3739	3605	3826	3314	4170	3451	3671
TOTAL	THS_T	DEA56	:	6432	6886	6550	6967	5622	6378	10194
TOTAL	THS_T	DEA57	:	18391	16860	16359	19557	18520	17553	20445
TOTAL	THS_T	DEA58	:	14450	14092	13246	14878	12662	13182	15370
TOTAL	THS_T	DEA59	:	6667	6042	5899	6563	5696	5904	8274
TOTAL	THS_T	DEA5A	:	11376	12133	11243	12012	11832	9807	12311
TOTAL	THS_T	DEA5B	:	17487	17291	18088	16272	13544	17246	15803
TOTAL	THS_T	DEA5C	:	13396	13791	13972	17138	13227	12776	15594
TOTAL	THS_T	DEB11	:	4051	3891	3828	4500	3788	3746	3833
TOTAL	THS_T	DEB12	:	5546	3582	4182	4161	3741	4417	4243
TOTAL	THS_T	DEB13	:	3055	3905	3540	3202	3401	2669	3471
TOTAL	THS_T	DEB14	:	8529	8284	8913	6863	7851	8112	9692
TOTAL	THS_T	DEB15	:	2282	2392	2272	2921	1889	2437	2510
TOTAL	THS_T	DEB16	:	2322	2971	1968	2611	2182	2232	2536
TOTAL	THS_T	DEB17	:	17091	16716	16756	18022	15282	15216	17196
TOTAL	THS_T	DEB18	:	7330	6847	6461	6966	6142	5697	7723
TOTAL	THS_T	DEB19	:	3245	2905	2428	3664	3451	2501	3301
TOTAL	THS_T	DEB1A	:	5730	4606	3950	5802	3593	3158	4518
TOTAL	THS_T	DEB1B	:	10045	9253	10053	9799	8666	9630	10616
TOTAL	THS_T	DEB21	:	2505	2116	2575	2284	2419	2358	2689
TOTAL	THS_T	DEB22	:	7769	6706	6218	8683	5712	7532	7875
TOTAL	THS_T	DEB23	:	5087	5613	4473	5339	4079	4663	5582
TOTAL	THS_T	DEB24	:	5184	6092	4866	5610	5379	6331	4908
TOTAL	THS_T	DEB25	:	3722	3109	3882	3012	3024	3666	4284
TOTAL	THS_T	DEB31	:	710	702	765	1049	650	635	614
TOTAL	THS_T	DEB32	:	2147	2429	2079	2416	1411	2133	2135
TOTAL	THS_T	DEB33	:	1074	1701	2467	1015	886	854	1371
TOTAL	THS_T	DEB34	:	11230	9904	10611	11395	9642	9562	12596
TOTAL	THS_T	DEB35	:	5102	3900	4709	4396	4267	5605	4989
TOTAL	THS_T	DEB36	:	1024	987	909	1168	630	697	809
TOTAL	THS_T	DEB37	:	902	604	785	815	894	606	1085
TOTAL	THS_T	DEB38	:	2353	1795	2201	2152	1618	2405	2020
TOTAL	THS_T	DEB39	:	5058	4440	4125	5424	4104	4208	5297
TOTAL	THS_T	DEB3A	:	813	1045	941	772	522	953	879
TOTAL	THS_T	DEB3B	:	4675	5583	4387	4242	4336	4138	4510
TOTAL	THS_T	DEB3C	:	2537	2167	2433	2126	2024	2058	2473
TOTAL	THS_T	DEB3D	:	5217	7087	4956	6480	4118	5121	5741
TOTAL	THS_T	DEB3E	:	10538	9088	9058	8183	6641	7813	7812
TOTAL	THS_T	DEB3F	:	2397	2619	2397	2189	1922	2148	2075
TOTAL	THS_T	DEB3G	:	3570	3110	2217	2408	2332	2474	2708
TOTAL	THS_T	DEB3H	:	2723	3455	2927	4444	2999	3211	3277
TOTAL	THS_T	DEB3I	:	3727	2633	3429	2981	2886	2989	2519
TOTAL	THS_T	DEB3J	:	4661	4948	4169	4959	3764	5017	5169
TOTAL	THS_T	DEB3K	:	1800	1849	999	1733	658	1072	1191
TOTAL	THS_T	DEC01	:	7165	6983	5581	7759	5272	6171	8207
TOTAL	THS_T	DEC02	:	2457	2783	2960	3182	2104	1920	3506
TOTAL	THS_T	DEC03	:	2859	3060	2951	2602	2130	3080	2844
TOTAL	THS_T	DEC04	:	8100	8094	9241	8487	7726	8194	9871
TOTAL	THS_T	DEC05	:	5231	4423	4316	4574	3367	4720	5462
TOTAL	THS_T	DEC06	:	1966	2637	3220	3620	1349	1973	2786
TOTAL	THS_T	DED11	:	:	:	:	5506	5088	5148	6129
TOTAL	THS_T	DED12	:	:	:	:	1577	1633	1887	1924
TOTAL	THS_T	DED13	:	:	:	:	3892	4643	2841	4872
TOTAL	THS_T	DED14	:	:	:	:	1552	1996	2051	1992
TOTAL	THS_T	DED15	:	:	:	:	4799	4456	4250	5251
TOTAL	THS_T	DED16	:	:	:	:	5325	5420	4795	4975
TOTAL	THS_T	DED17	:	:	:	:	7214	5937	8185	6861
TOTAL	THS_T	DED18	:	:	:	:	2379	2471	2383	2396
TOTAL	THS_T	DED19	:	:	:	:	9726	8323	7022	7861
TOTAL	THS_T	DED1A	:	:	:	:	2486	1949	2127	2548
TOTAL	THS_T	DED1B	:	:	:	:	2714	2927	2990	4080
TOTAL	THS_T	DED1C	:	:	:	:	4202	3386	3460	6610
TOTAL	THS_T	DED21	:	9398	9766	8386	9842	8354	8094	11239
TOTAL	THS_T	DED22	:	:	:	:	970	486	512	730
TOTAL	THS_T	DED23	:	:	:	:	1704	1501	1354	2051
TOTAL	THS_T	DED24	:	:	:	:	5919	4832	5172	6344
TOTAL	THS_T	DED25	:	:	:	:	6137	6212	5448	6255
TOTAL	THS_T	DED26	:	:	:	:	4426	5853	4135	4283
TOTAL	THS_T	DED27	:	:	:	:	10178	10013	10496	8686
TOTAL	THS_T	DED28	:	:	:	:	4292	4702	4392	4014
TOTAL	THS_T	DED29	:	:	:	:	4172	3812	4612	3224
TOTAL	THS_T	DED2A	:	:	:	:	5303	5415	3167	3565
TOTAL	THS_T	DED2B	:	:	:	:	8835	8037	9150	9004
TOTAL	THS_T	DED2C	:	15168	16153	14926	:	:	:	:
TOTAL	THS_T	DED2D	:	6807	8244	8079	:	:	:	:
TOTAL	THS_T	DED2E	:	15613	15295	15491	:	:	:	:
TOTAL	THS_T	DED2F	:	7612	7992	8768	:	:	:	:
TOTAL	THS_T	DED31	:	:	:	:	10649	7681	8280	11048
TOTAL	THS_T	DED32	:	:	:	:	9518	8049	7717	7122
TOTAL	THS_T	DED33	:	:	:	:	2335	2897	2106	2569
TOTAL	THS_T	DED34	:	:	:	:	10835	7924	9221	9123
TOTAL	THS_T	DED35	:	:	:	:	7308	6454	6062	6712
TOTAL	THS_T	DED36	:	:	:	:	4479	4236	3849	4355
TOTAL	THS_T	DED41	:	5648	5039	5277	:	:	:	:
TOTAL	THS_T	DED42	:	9728	9342	9177	:	:	:	:
TOTAL	THS_T	DED43	:	14268	14578	14185	:	:	:	:
TOTAL	THS_T	DED44	:	8192	7253	7469	:	:	:	:
TOTAL	THS_T	DED45	:	12518	11398	10695	:	:	:	:
TOTAL	THS_T	DED51	:	11090	11736	11616	:	:	:	:
TOTAL	THS_T	DED52	:	14037	16638	14981	:	:	:	:
TOTAL	THS_T	DED53	:	13639	13792	12323	:	:	:	:
TOTAL	THS_T	DEE01	:	1469	1373	1433	1208	1037	1145	1998
TOTAL	THS_T	DEE02	:	3587	3478	3159	3294	3310	3764	4113
TOTAL	THS_T	DEE03	:	8646	7675	9761	8866	6955	7193	7588
TOTAL	THS_T	DEE04	:	2053	2497	2032	2314	2076	2404	2455
TOTAL	THS_T	DEE05	:	9147	9383	10243	8469	7887	9803	9603
TOTAL	THS_T	DEE06	:	4880	4737	3515	5186	5220	3796	5251
TOTAL	THS_T	DEE07	:	20286	18334	17896	20213	17078	17123	19007
TOTAL	THS_T	DEE08	:	13207	12881	13889	13849	12722	16671	15076
TOTAL	THS_T	DEE09	:	9617	9511	8319	9538	8503	10836	10673
TOTAL	THS_T	DEE0A	:	6540	6357	5902	5826	6008	5712	6946
TOTAL	THS_T	DEE0B	:	17335	19374	19052	21110	19403	18348	19327
TOTAL	THS_T	DEE0C	:	12887	13697	13538	14495	16142	12177	14246
TOTAL	THS_T	DEE0D	:	4216	4292	3919	4338	4441	4215	4067
TOTAL	THS_T	DEE0E	:	7413	7643	6821	6486	7631	5717	5968
TOTAL	THS_T	DEF01	:	2319	1923	2467	2116	2068	2181	1600
TOTAL	THS_T	DEF02	:	4109	3759	3508	3816	3511	3386	4119
TOTAL	THS_T	DEF03	:	7718	7897	7815	7693	6707	7026	7982
TOTAL	THS_T	DEF04	:	4134	3874	3322	2835	3496	2919	3732
TOTAL	THS_T	DEF05	:	9980	7387	7401	6037	6054	5398	8099
TOTAL	THS_T	DEF06	:	5370	8138	6644	7194	7718	6224	6358
TOTAL	THS_T	DEF07	:	5768	4046	4306	3947	3613	4067	3824
TOTAL	THS_T	DEF08	:	4804	4948	5148	4209	4626	5034	5540
TOTAL	THS_T	DEF09	:	5659	5016	5125	5560	5699	5377	5564
TOTAL	THS_T	DEF0A	:	3412	3242	3262	2842	2266	2671	2314
TOTAL	THS_T	DEF0B	:	10733	9169	8323	8971	9420	8253	8534
TOTAL	THS_T	DEF0C	:	7767	7669	5735	5791	5668	5438	4605
TOTAL	THS_T	DEF0D	:	12117	11522	10133	9229	9806	11360	9839
TOTAL	THS_T	DEF0E	:	7528	5931	5167	7166	5424	5377	6378
TOTAL	THS_T	DEF0F	:	5452	4254	3967	3868	3051	3863	3738
TOTAL	THS_T	DEG01	:	9716	8004	9536	9712	9121	8137	8439
TOTAL	THS_T	DEG02	:	2261	2124	1765	1541	1658	1838	2807
TOTAL	THS_T	DEG03	:	1878	2787	1851	2673	3208	2751	2458
TOTAL	THS_T	DEG04	:	680	489	731	931	583	555	652
TOTAL	THS_T	DEG05	:	2408	3103	2589	2518	2431	2655	2814
TOTAL	THS_T	DEG06	:	4613	5510	5251	4587	5886	4901	6292
TOTAL	THS_T	DEG07	:	5358	4390	5107	3386	4512	5142	7138
TOTAL	THS_T	DEG09	:	3490	3513	4968	4855	3685	4316	6178
TOTAL	THS_T	DEG0A	:	2749	2149	2373	3590	4807	3087	3950
TOTAL	THS_T	DEG0B	:	4341	4279	5406	5740	3994	4559	6261
TOTAL	THS_T	DEG0C	:	6892	6579	6267	6466	5024	6724	8013
TOTAL	THS_T	DEG0D	:	3660	2808	2576	1657	3476	1940	2915
TOTAL	THS_T	DEG0E	:	2473	1805	2549	3306	2722	2104	3095
TOTAL	THS_T	DEG0F	:	5756	5335	5225	5145	5788	6310	5616
TOTAL	THS_T	DEG0G	:	1672	1985	2760	2275	2231	1558	1934
TOTAL	THS_T	DEG0H	:	2724	2000	3020	2543	2650	1970	3969
TOTAL	THS_T	DEG0I	:	3181	3359	3149	3111	3831	4549	5793
TOTAL	THS_T	DEG0J	:	4047	5188	4721	6307	4926	5699	5632
TOTAL	THS_T	DEG0K	:	4999	7548	7626	5690	5676	4862	5835
TOTAL	THS_T	DEG0L	:	6705	6792	5823	7567	6026	7560	8875
TOTAL	THS_T	DEG0M	:	5175	5382	5007	7310	6078	6886	7038
TOTAL	THS_T	DEG0N	:	1620	1334	1405	1851	1570	2002	1509
TOTAL	THS_T	DEG0P	:	5161	5719	5234	6185	5551	5554	6835
TOTAL	THS_T	DK011	6517	6651	7066	5848	5271	5156	5338	5549
TOTAL	THS_T	DK012	12102	9708	9888	8554	9337	9797	7326	9611
TOTAL	THS_T	DK013	5831	4419	4301	4347	3781	3342	3851	6222
TOTAL	THS_T	DK014	1495	625	785	567	2209	1207	978	551
TOTAL	THS_T	DK021	9727	13415	7266	8189	5578	5567	6131	6934
TOTAL	THS_T	DK022	19349	18462	18066	19522	19256	15386	15120	21140
TOTAL	THS_T	DK031	12254	11960	12227	10495	13740	15320	11387	12951
TOTAL	THS_T	DK032	31563	34058	35300	36641	38910	36057	28305	35079
TOTAL	THS_T	DK041	23006	20178	21575	22568	18201	17997	15305	22428
TOTAL	THS_T	DK042	34043	30426	26319	29336	30640	27116	26043	35587
TOTAL	THS_T	DK050	19243	21357	22739	21127	22491	19804	18088	23199
TOTAL	THS_T	DKXXX	:	:	:	:	:	9	:	:
TOTAL	THS_T	EE001	9398	7238	9452	8199	8417	6503	7866	12274
TOTAL	THS_T	EE004	2680	2250	3047	2935	4493	2384	4498	4308
TOTAL	THS_T	EE006	7371	9094	9436	8921	10873	8616	8676	12890
TOTAL	THS_T	EE007	1191	1632	2217	4313	2507	3010	3292	4001
TOTAL	THS_T	EE008	1647	1233	1391	1879	1095	1877	1280	2759
TOTAL	THS_T	EL111	:	1509	3376	4379	4163	2663	3031	6704
TOTAL	THS_T	EL112	:	1089	1549	1086	1599	1311	2289	4363
TOTAL	THS_T	EL113	:	2241	1385	2632	1394	5343	3730	3227
TOTAL	THS_T	EL114	:	2972	2232	2253	1437	2919	2843	1813
TOTAL	THS_T	EL115	:	3266	2785	2551	2537	6721	4945	11761
TOTAL	THS_T	EL121	:	2159	1577	2548	1658	8814	3996	5862
TOTAL	THS_T	EL122	:	23282	15344	22908	19642	37813	42861	42093
TOTAL	THS_T	EL123	:	851	2008	1184	815	3810	4105	4897
TOTAL	THS_T	EL124	:	2737	4482	1909	5037	4611	6901	4626
TOTAL	THS_T	EL125	:	1009	5682	3547	9247	16517	6329	7506
TOTAL	THS_T	EL126	:	3105	2326	1652	3114	8221	5088	7891
TOTAL	THS_T	EL127	:	6612	3106	7439	5559	2850	5430	6381
TOTAL	THS_T	EL131	:	1355	147	85	1302	4637	5093	3230
TOTAL	THS_T	EL132	:	14947	2013	6402	879	937	502	2181
TOTAL	THS_T	EL133	:	83136	121721	98481	140439	85010	139736	109328
TOTAL	THS_T	EL134	:	38454	98865	49146	75244	48788	57398	34313
TOTAL	THS_T	EL141	:	6539	937	1673	4386	13701	6554	2796
TOTAL	THS_T	EL142	:	6570	11757	11988	8951	9170	14829	11827
TOTAL	THS_T	EL143	:	5073	4296	6404	2773	5171	6444	11378
TOTAL	THS_T	EL144	:	6816	2614	4528	6548	13967	5899	11329
TOTAL	THS_T	EL211	:	3847	2837	2838	2480	1511	2729	894
TOTAL	THS_T	EL212	:	3155	1085	665	3413	1425	1495	566
TOTAL	THS_T	EL213	:	9439	7290	6003	7325	8660	9012	24381
TOTAL	THS_T	EL214	:	973	686	350	1884	343	2270	1423
TOTAL	THS_T	EL221	:	143	108	43	476	865	2269	5250
TOTAL	THS_T	EL222	:	157	99	59	362	691	743	962
TOTAL	THS_T	EL223	:	340	365	245	1163	283	1487	2441
TOTAL	THS_T	EL224	:	261	296	455	305	88	396	419
TOTAL	THS_T	EL231	:	18160	9453	4049	10837	16230	25629	9158
TOTAL	THS_T	EL232	:	19855	16529	10893	14750	21462	29191	13156
TOTAL	THS_T	EL233	:	2961	2654	2252	4652	8271	5234	3562
TOTAL	THS_T	EL241	:	7321	20985	11287	11271	15662	10383	13306
TOTAL	THS_T	EL242	:	4774	4005	9227	6672	7780	6201	10937
TOTAL	THS_T	EL243	:	664	544	81	293	88	299	1226
TOTAL	THS_T	EL244	:	4012	6072	13556	11153	9890	8247	14599
TOTAL	THS_T	EL245	:	1649	1376	1110	1981	2234	5037	5970
TOTAL	THS_T	EL251	:	3028	2144	2683	2902	3677	1794	3290
TOTAL	THS_T	EL252	:	17821	10495	6004	15791	13824	16852	12679
TOTAL	THS_T	EL253	:	6957	4936	7691	15696	12799	13399	13141
TOTAL	THS_T	EL254	:	2294	527	996	519	921	1839	4191
TOTAL	THS_T	EL255	:	1902	1718	3695	1393	6659	4436	6219
TOTAL	THS_T	EL300	:	44495	54304	50505	41367	110454	117036	127059
TOTAL	THS_T	EL301	881	:	:	:	:	:	:	:
TOTAL	THS_T	EL302	2236	:	:	:	:	:	:	:
TOTAL	THS_T	EL303	5124	:	:	:	:	:	:	:
TOTAL	THS_T	EL304	1251	:	:	:	:	:	:	:
TOTAL	THS_T	EL305	3534	:	:	:	:	:	:	:
TOTAL	THS_T	EL306	11718	:	:	:	:	:	:	:
TOTAL	THS_T	EL307	41979	:	:	:	:	:	:	:
TOTAL	THS_T	EL411	3167	1435	1813	1201	961	1326	1954	3233
TOTAL	THS_T	EL412	192	44	2080	:	161	:	6	2295
TOTAL	THS_T	EL413	697	529	979	353	292	1104	3031	1216
TOTAL	THS_T	EL421	3279	3958	5595	3523	7901	7749	3940	4394
TOTAL	THS_T	EL422	6133	5833	5296	1954	2724	7017	9329	11829
TOTAL	THS_T	EL431	3291	10399	18030	10864	19901	13195	18448	18088
TOTAL	THS_T	EL432	1186	2036	1108	3958	9030	6397	4308	4180
TOTAL	THS_T	EL433	3522	3192	1888	1379	2743	2001	2031	3140
TOTAL	THS_T	EL434	3081	5107	4129	3159	5092	8355	4278	8380
TOTAL	THS_T	EL511	1428	:	:	:	:	:	:	:
TOTAL	THS_T	EL512	1495	:	:	:	:	:	:	:
TOTAL	THS_T	EL513	962	:	:	:	:	:	:	:
TOTAL	THS_T	EL514	4198	:	:	:	:	:	:	:
TOTAL	THS_T	EL515	1233	:	:	:	:	:	:	:
TOTAL	THS_T	EL521	4287	:	:	:	:	:	:	:
TOTAL	THS_T	EL522	13373	:	:	:	:	:	:	:
TOTAL	THS_T	EL523	1295	:	:	:	:	:	:	:
TOTAL	THS_T	EL524	4098	:	:	:	:	:	:	:
TOTAL	THS_T	EL525	2073	:	:	:	:	:	:	:
TOTAL	THS_T	EL526	5993	:	:	:	:	:	:	:
TOTAL	THS_T	EL527	26289	:	:	:	:	:	:	:
TOTAL	THS_T	EL531	104053	:	:	:	:	:	:	:
TOTAL	THS_T	EL532	3668	:	:	:	:	:	:	:
TOTAL	THS_T	EL533	27017	:	:	:	:	:	:	:
TOTAL	THS_T	EL541	5303	:	:	:	:	:	:	:
TOTAL	THS_T	EL542	1135	:	:	:	:	:	:	:
TOTAL	THS_T	EL543	4825	:	:	:	:	:	:	:
TOTAL	THS_T	EL611	10352	:	:	:	:	:	:	:
TOTAL	THS_T	EL612	7604	:	:	:	:	:	:	:
TOTAL	THS_T	EL613	3145	:	:	:	:	:	:	:
TOTAL	THS_T	EL621	18	:	:	:	:	:	:	:
TOTAL	THS_T	EL622	40	:	:	:	:	:	:	:
TOTAL	THS_T	EL623	484	:	:	:	:	:	:	:
TOTAL	THS_T	EL624	41	:	:	:	:	:	:	:
TOTAL	THS_T	EL631	10669	:	:	:	:	:	:	:
TOTAL	THS_T	EL632	31711	:	:	:	:	:	:	:
TOTAL	THS_T	EL633	3138	:	:	:	:	:	:	:
TOTAL	THS_T	EL641	7194	:	:	:	:	:	:	:
TOTAL	THS_T	EL642	5163	:	:	:	:	:	:	:
TOTAL	THS_T	EL643	1714	:	:	:	:	:	:	:
TOTAL	THS_T	EL644	5705	:	:	:	:	:	:	:
TOTAL	THS_T	EL645	2994	:	:	:	:	:	:	:
TOTAL	THS_T	EL651	10066	:	:	:	:	:	:	:
TOTAL	THS_T	EL652	7451	:	:	:	:	:	:	:
TOTAL	THS_T	EL653	5187	:	:	:	:	:	:	:
TOTAL	THS_T	ES111	39380	35621	36075	41199	44136	43510	44378	54544
TOTAL	THS_T	ES112	13355	17513	15255	15647	21510	23136	19759	22606
TOTAL	THS_T	ES113	8378	8039	8774	11078	10219	13710	11078	13989
TOTAL	THS_T	ES114	21658	26504	22746	30424	32708	35373	36893	36661
TOTAL	THS_T	ES120	36831	34948	32305	40710	49067	53466	66382	64464
TOTAL	THS_T	ES130	24999	25189	15515	19223	25690	25763	26697	32266
TOTAL	THS_T	ES211	12841	12756	10549	10794	17684	14923	18672	18103
TOTAL	THS_T	ES212	17347	21668	18728	20795	21097	26284	31792	30626
TOTAL	THS_T	ES213	31643	34884	30627	29784	36187	38737	40490	54157
TOTAL	THS_T	ES220	31930	23946	27963	27792	34264	39239	33300	48666
TOTAL	THS_T	ES230	12310	10144	9111	9180	11477	17994	15366	22675
TOTAL	THS_T	ES241	14258	11592	15493	14169	14297	19786	20817	24057
TOTAL	THS_T	ES242	11396	9130	10432	8737	14635	18581	12960	12704
TOTAL	THS_T	ES243	36178	28993	31710	32050	38248	42681	37855	72222
TOTAL	THS_T	ES300	71715	59265	60197	70372	90243	98531	107318	130649
TOTAL	THS_T	ES411	4654	5358	5601	5532	4659	6612	11064	8892
TOTAL	THS_T	ES412	24748	21482	16831	19648	28399	24517	28217	31096
TOTAL	THS_T	ES413	16263	17241	15354	18507	24391	23490	27471	34194
TOTAL	THS_T	ES414	10826	10739	9701	10862	18424	13267	15918	17629
TOTAL	THS_T	ES415	9647	6410	7103	7068	7890	9281	13671	13677
TOTAL	THS_T	ES416	8866	9412	8076	10519	10854	11506	12482	19143
TOTAL	THS_T	ES417	5098	5445	3692	6853	7065	7107	7421	8630
TOTAL	THS_T	ES418	16663	15996	14798	16214	22775	24030	23505	30292
TOTAL	THS_T	ES419	9946	9890	8996	6606	10980	8929	11189	16709
TOTAL	THS_T	ES421	12920	9735	10847	13714	17824	15159	22468	23077
TOTAL	THS_T	ES422	14648	13924	12612	14291	16824	17887	25072	29628
TOTAL	THS_T	ES423	11339	9513	9233	8641	13272	15784	24114	22510
TOTAL	THS_T	ES424	12581	13129	11562	13856	16637	14780	12588	19960
TOTAL	THS_T	ES425	26665	23850	24192	23332	31693	32816	45873	60416
TOTAL	THS_T	ES431	15432	15725	14694	22488	24351	19167	29357	27037
TOTAL	THS_T	ES432	8118	11005	7748	8366	9597	10683	11583	13006
TOTAL	THS_T	ES511	110282	108846	99934	116801	120812	135420	154250	177432
TOTAL	THS_T	ES512	21081	19146	17491	18398	27234	26719	31980	35298
TOTAL	THS_T	ES513	26107	20007	19193	25844	24745	30454	35735	43258
TOTAL	THS_T	ES514	32895	29884	28317	31501	35789	35154	38545	52726
TOTAL	THS_T	ES521	31653	28715	26794	27829	34277	42540	43679	67814
TOTAL	THS_T	ES522	37227	34329	35668	36051	40207	33696	34115	58743
TOTAL	THS_T	ES523	74829	68239	69943	69768	77759	89392	98380	132603
TOTAL	THS_T	ES531	2510	1599	1710	2910	3866	5561	2573	3923
TOTAL	THS_T	ES532	12191	13451	14028	12965	13316	16712	17590	21662
TOTAL	THS_T	ES533	1475	781	687	573	561	1721	1420	3961
TOTAL	THS_T	ES611	18940	20125	18787	19575	19924	16589	20047	28497
TOTAL	THS_T	ES612	18244	20283	19479	16016	22063	25784	27607	33274
TOTAL	THS_T	ES613	16266	16161	13040	17380	22647	23783	21189	34596
TOTAL	THS_T	ES614	16240	17930	18939	20425	27966	23613	30900	37403
TOTAL	THS_T	ES615	18399	12491	13970	16540	15382	16591	21223	30275
TOTAL	THS_T	ES616	13377	13427	9924	13604	16737	19011	19279	22368
TOTAL	THS_T	ES617	18262	19363	16104	21723	27906	32808	38094	50138
TOTAL	THS_T	ES618	41317	36156	35144	39706	51059	53549	65992	79226
TOTAL	THS_T	ES620	47665	42248	42532	46318	53897	61095	55617	85849
TOTAL	THS_T	ES630	462	296	382	691	280	824	1883	1064
TOTAL	THS_T	ES640	558	483	218	397	684	561	1090	923
TOTAL	THS_T	ES703	37	89	150	33	46	103	206	207
TOTAL	THS_T	ES704	3083	1482	1934	1372	4019	2627	4562	1966
TOTAL	THS_T	ES705	14828	13718	12223	10104	11141	15184	15441	9149
TOTAL	THS_T	ES706	124	135	47	81	204	515	972	462
TOTAL	THS_T	ES707	1000	1393	2721	1080	1250	1115	923	1157
TOTAL	THS_T	ES708	2426	2395	2888	1422	3202	4219	3433	2162
TOTAL	THS_T	ES709	12744	14464	10897	16253	17229	20257	19178	22910
TOTAL	THS_T	FI131	:	:	:	:	9615	18121	11569	10547
TOTAL	THS_T	FI132	:	:	:	:	20284	17367	20456	24858
TOTAL	THS_T	FI133	:	:	:	:	10322	8529	14200	7677
TOTAL	THS_T	FI134	:	:	:	:	3168	4034	5290	10318
TOTAL	THS_T	FI181	:	:	:	:	64558	74107	52389	76963
TOTAL	THS_T	FI182	:	:	:	:	8600	8500	9535	7509
TOTAL	THS_T	FI183	:	:	:	:	26129	31603	26460	28923
TOTAL	THS_T	FI184	:	:	:	:	12719	9451	10855	15862
TOTAL	THS_T	FI185	:	:	:	:	13500	13064	13220	19377
TOTAL	THS_T	FI186	:	:	:	:	9777	15745	14400	21311
TOTAL	THS_T	FI187	:	:	:	:	15662	20919	17793	19911
TOTAL	THS_T	FI193	12817	18560	12187	14904	16778	30728	17878	24088
TOTAL	THS_T	FI194	11744	9593	9122	10785	11790	15906	10780	19694
TOTAL	THS_T	FI195	6537	9813	10516	10091	8748	14858	9927	10558
TOTAL	THS_T	FI196	16602	13241	20569	17030	17154	33025	23212	24232
TOTAL	THS_T	FI197	22896	21468	21865	24466	19701	25810	39538	35433
TOTAL	THS_T	FI1A1	:	:	:	:	4342	6461	6255	4956
TOTAL	THS_T	FI1A2	:	:	:	:	26363	27446	22515	39029
TOTAL	THS_T	FI1A3	:	:	:	:	13300	15210	19170	16545
TOTAL	THS_T	FI1B1	54901	52033	60747	56673	:	:	:	:
TOTAL	THS_T	FI1C1	18189	20925	20449	24437	:	:	:	:
TOTAL	THS_T	FI1C2	11704	14556	10500	12247	:	:	:	:
TOTAL	THS_T	FI1C3	10122	9817	7265	14602	:	:	:	:
TOTAL	THS_T	FI1C4	10889	11879	9768	10742	:	:	:	:
TOTAL	THS_T	FI1C5	12882	14819	11404	15614	:	:	:	:
TOTAL	THS_T	FI1D1	7869	12203	9830	10517	:	:	:	:
TOTAL	THS_T	FI1D2	12468	15445	15258	15850	:	:	:	:
TOTAL	THS_T	FI1D3	11710	8307	7864	10273	:	:	:	:
TOTAL	THS_T	FI1D4	4240	3875	4731	6392	:	:	:	:
TOTAL	THS_T	FI1D5	4326	4868	6095	5276	:	:	:	:
TOTAL	THS_T	FI1D6	22747	22717	21651	22988	:	:	:	:
TOTAL	THS_T	FI1D7	14854	9764	9655	10556	:	:	:	:
TOTAL	THS_T	FI200	:	29	:	:	33	:	:	:
TOTAL	THS_T	FIXXX	:	:	:	193	:	:	:	:
TOTAL	THS_T	FR101	7575	4927	4738	5030	5343	6211	6409	5250
TOTAL	THS_T	FR102	49988	43493	43220	35937	41137	37725	37305	46999
TOTAL	THS_T	FR103	19561	15216	16161	17287	18076	19231	16706	20110
TOTAL	THS_T	FR104	23153	23357	28725	19530	23588	22816	22341	30398
TOTAL	THS_T	FR105	13100	13092	13111	10397	12896	13920	13997	16624
TOTAL	THS_T	FR106	14473	16203	18168	13162	11748	13097	13489	19023
TOTAL	THS_T	FR107	17286	16156	21541	15069	16778	17825	16068	22350
TOTAL	THS_T	FR108	19153	18559	21268	16988	19390	19267	16374	19314
TOTAL	THS_T	FR211	8450	7848	6412	5313	8734	10908	9244	11792
TOTAL	THS_T	FR212	16564	18048	17865	20352	21499	22693	20611	19469
TOTAL	THS_T	FR213	21314	30511	31692	30770	31693	34302	38089	32533
TOTAL	THS_T	FR214	8359	8456	7236	7529	8546	9619	9555	11147
TOTAL	THS_T	FR221	24712	23974	25820	27380	20234	19798	20308	22652
TOTAL	THS_T	FR222	24221	26573	33277	27684	29433	31910	31913	26746
TOTAL	THS_T	FR223	17535	21814	23885	28670	28928	26589	25688	21991
TOTAL	THS_T	FR231	14482	17303	25224	16242	18490	20194	21528	23485
TOTAL	THS_T	FR232	55929	53632	55838	48292	52843	54609	53529	60463
TOTAL	THS_T	FR241	8887	12250	11746	11852	11180	10408	13294	12406
TOTAL	THS_T	FR242	14639	14399	18748	20670	19617	18520	17263	20113
TOTAL	THS_T	FR243	8981	8579	8175	8749	10145	9464	12015	11684
TOTAL	THS_T	FR244	12776	17757	20729	19839	20673	20129	20573	17891
TOTAL	THS_T	FR245	9222	9067	9676	7954	10187	13677	10887	9725
TOTAL	THS_T	FR246	20976	23392	29924	27973	29164	31820	29613	29462
TOTAL	THS_T	FR251	18314	24703	23616	25352	24382	25657	26997	28867
TOTAL	THS_T	FR252	15053	20245	19565	18494	17269	15663	16406	18679
TOTAL	THS_T	FR253	11052	11211	14439	12582	12449	13683	12583	13154
TOTAL	THS_T	FR261	16596	20599	24872	23011	22359	21031	24536	25340
TOTAL	THS_T	FR262	7467	6716	7617	8562	9949	8224	8596	14012
TOTAL	THS_T	FR263	13947	17372	20881	18825	21274	20025	17999	22404
TOTAL	THS_T	FR264	14858	14051	13251	12996	13775	12647	12573	13395
TOTAL	THS_T	FR301	62890	64746	69395	67992	66305	76842	68111	83851
TOTAL	THS_T	FR302	45407	44572	46188	54895	55468	52187	45938	55572
TOTAL	THS_T	FR411	17963	25541	23598	19838	22607	24057	21622	27386
TOTAL	THS_T	FR412	7973	8115	8255	8095	10155	9399	9231	8767
TOTAL	THS_T	FR413	20215	24310	25880	31121	31072	30402	25654	31550
TOTAL	THS_T	FR414	9639	13969	13137	18366	18886	15006	15358	18036
TOTAL	THS_T	FR421	33723	33324	35707	34772	40246	40863	35859	42764
TOTAL	THS_T	FR422	20340	22134	25813	24424	27811	26198	27131	27794
TOTAL	THS_T	FR431	18616	18538	22926	20742	22648	21600	25784	27235
TOTAL	THS_T	FR432	10421	12292	11611	9376	11784	11475	11273	10859
TOTAL	THS_T	FR433	5611	6789	8461	7313	10361	9944	12330	13968
TOTAL	THS_T	FR434	2571	2135	3492	2249	5085	4212	5623	4820
TOTAL	THS_T	FR511	51903	52677	53682	47614	57581	54661	42799	56006
TOTAL	THS_T	FR512	25766	33651	32016	33478	39471	31655	29186	33635
TOTAL	THS_T	FR513	20291	20425	24790	21041	19251	18861	16873	19082
TOTAL	THS_T	FR514	18386	19997	21824	24103	26409	19111	17803	21069
TOTAL	THS_T	FR515	30706	31078	31802	32981	32575	28063	28953	32368
TOTAL	THS_T	FR521	26114	25056	31059	28550	25881	24449	25956	30630
TOTAL	THS_T	FR522	30106	30009	27656	32703	33238	26562	25441	37949
TOTAL	THS_T	FR523	57706	56297	49481	45650	50984	42125	43051	54529
TOTAL	THS_T	FR524	24515	21340	23641	24804	28626	28321	24205	29110
TOTAL	THS_T	FR531	13850	21102	22111	21487	29575	21870	18281	18832
TOTAL	THS_T	FR532	24615	22205	26160	25575	21002	20600	19180	18968
TOTAL	THS_T	FR533	22407	28228	22096	20695	19743	22569	17150	22850
TOTAL	THS_T	FR534	12680	15800	16543	15615	13421	14099	14741	17261
TOTAL	THS_T	FR611	14694	16595	16898	17090	15640	14118	12144	16836
TOTAL	THS_T	FR612	37731	45420	43258	51444	49854	46508	40472	45009
TOTAL	THS_T	FR613	19803	23535	19596	22717	19716	22617	18275	23582
TOTAL	THS_T	FR614	19259	18317	13988	13588	18534	14582	15876	13031
TOTAL	THS_T	FR615	24896	22294	19744	24484	20153	21343	24046	24315
TOTAL	THS_T	FR621	3293	2723	3084	3966	5443	4434	3809	3257
TOTAL	THS_T	FR622	9715	12278	8058	7355	8889	10571	11219	11645
TOTAL	THS_T	FR623	32963	39170	39140	34081	34442	36606	36591	45922
TOTAL	THS_T	FR624	5359	6997	6695	6012	4914	6045	7806	7820
TOTAL	THS_T	FR625	5035	4354	7043	6668	5189	5048	7593	3885
TOTAL	THS_T	FR626	4489	4973	6463	6409	8623	5368	4377	4951
TOTAL	THS_T	FR627	7935	10086	12450	10844	9019	11406	9544	10330
TOTAL	THS_T	FR628	7262	9230	8913	7529	7192	10166	8709	9739
TOTAL	THS_T	FR631	7916	9065	8206	8527	7147	6866	6869	16049
TOTAL	THS_T	FR632	3344	4181	4390	3463	4507	5222	5373	3703
TOTAL	THS_T	FR633	9813	7340	8971	8446	10947	9319	12014	10640
TOTAL	THS_T	FR711	23232	24392	25273	20677	22638	20811	24515	30346
TOTAL	THS_T	FR712	6323	7015	6443	7134	5633	6145	6628	8425
TOTAL	THS_T	FR713	14164	21428	17121	18162	19332	17962	19814	24652
TOTAL	THS_T	FR714	32057	39409	36754	43120	36449	34341	29505	42491
TOTAL	THS_T	FR715	14679	17647	20810	24020	22657	18790	17241	23735
TOTAL	THS_T	FR716	41226	44793	53478	54509	61064	52603	47407	69691
TOTAL	THS_T	FR717	10796	11428	12537	13821	14129	13264	13645	15508
TOTAL	THS_T	FR718	23654	27262	23551	25031	19742	19717	18658	24624
TOTAL	THS_T	FR721	10858	10410	10433	12835	14170	11895	10275	11442
TOTAL	THS_T	FR722	3620	5191	4648	4213	4893	5847	5188	3739
TOTAL	THS_T	FR723	9573	7348	9154	6114	8310	7183	5409	4934
TOTAL	THS_T	FR724	19147	22253	22481	21996	24412	21931	18568	19082
TOTAL	THS_T	FR811	9814	13228	12131	14202	15101	11354	10892	10333
TOTAL	THS_T	FR812	15905	18073	19931	22527	19604	15680	15592	19139
TOTAL	THS_T	FR813	26148	22835	23322	30443	34685	32537	31033	27983
TOTAL	THS_T	FR814	2454	2886	4915	3912	2934	2227	3087	2414
TOTAL	THS_T	FR815	6824	9608	8875	11145	14281	10927	13558	15080
TOTAL	THS_T	FR821	3659	5872	3155	4949	5428	4044	4423	4256
TOTAL	THS_T	FR822	2895	3723	3350	7570	8292	5522	4451	5789
TOTAL	THS_T	FR823	14977	14954	15393	20739	18356	16569	16632	17166
TOTAL	THS_T	FR824	58096	50491	53770	63967	61341	62704	69499	66010
TOTAL	THS_T	FR825	24016	17443	20219	32075	29809	29624	22342	21192
TOTAL	THS_T	FR826	20966	16124	18153	20915	26294	23851	23626	25854
TOTAL	THS_T	FR831	1682	2435	3116	4383	4493	7958	5545	3064
TOTAL	THS_T	FR832	2713	4916	3117	6143	4665	4405	5660	4252
TOTAL	THS_T	HR011	:	:	:	:	9114	10669	11509	15523
TOTAL	THS_T	HR012	:	:	:	:	5495	5493	7895	9353
TOTAL	THS_T	HR013	:	:	:	:	2362	2893	4832	4258
TOTAL	THS_T	HR014	:	:	:	:	3786	4002	6167	6689
TOTAL	THS_T	HR015	:	:	:	:	1954	1853	2575	3790
TOTAL	THS_T	HR016	:	:	:	:	1864	1642	1889	1903
TOTAL	THS_T	HR021	:	:	:	:	2665	2240	2660	3537
TOTAL	THS_T	HR022	:	:	:	:	1520	1025	1692	1464
TOTAL	THS_T	HR023	:	:	:	:	1367	1096	1484	2325
TOTAL	THS_T	HR024	:	:	:	:	1523	1481	2236	3063
TOTAL	THS_T	HR025	:	:	:	:	5394	6089	7816	9325
TOTAL	THS_T	HR026	:	:	:	:	2291	1999	2596	2302
TOTAL	THS_T	HR027	:	:	:	:	2851	2169	2466	4575
TOTAL	THS_T	HR028	:	:	:	:	2401	2462	2794	3702
TOTAL	THS_T	HR031	5529	4473	6894	5781	6591	6459	8173	9291
TOTAL	THS_T	HR032	1059	1200	939	788	975	1004	659	1965
TOTAL	THS_T	HR033	1682	1378	1583	1629	1713	2832	3102	3044
TOTAL	THS_T	HR034	809	1177	1139	718	751	1440	1306	1496
TOTAL	THS_T	HR035	3773	3883	4008	5073	6559	5799	7136	7751
TOTAL	THS_T	HR036	3356	5001	4847	3433	4914	4318	5852	6399
TOTAL	THS_T	HR037	889	955	1127	952	1363	1227	1428	1941
TOTAL	THS_T	HR041	6795	8154	7356	8599	:	:	:	:
TOTAL	THS_T	HR042	5109	5913	5504	5857	:	:	:	:
TOTAL	THS_T	HR043	2135	2089	2120	1994	:	:	:	:
TOTAL	THS_T	HR044	3313	3285	3823	3908	:	:	:	:
TOTAL	THS_T	HR045	2396	1448	2178	2689	:	:	:	:
TOTAL	THS_T	HR046	1851	1406	1531	1472	:	:	:	:
TOTAL	THS_T	HR047	2360	1913	1948	1805	:	:	:	:
TOTAL	THS_T	HR048	1039	993	1376	1283	:	:	:	:
TOTAL	THS_T	HR049	1227	1396	1283	1047	:	:	:	:
TOTAL	THS_T	HR04A	1121	1140	1518	1205	:	:	:	:
TOTAL	THS_T	HR04B	4973	5644	4918	4840	:	:	:	:
TOTAL	THS_T	HR04C	2011	1811	1651	2066	:	:	:	:
TOTAL	THS_T	HR04D	2188	2227	2297	1894	:	:	:	:
TOTAL	THS_T	HR04E	2288	2120	2337	2048	:	:	:	:
TOTAL	THS_T	HU101	15006	14055	12405	11187	12890	15302	17022	24861
TOTAL	THS_T	HU102	25809	24738	23111	22516	26703	31211	36783	41772
TOTAL	THS_T	HU211	11825	11447	9771	8459	9976	11428	13153	13721
TOTAL	THS_T	HU212	8537	6238	7627	7683	6345	8118	9923	11721
TOTAL	THS_T	HU213	7888	7882	6034	6443	8779	10927	8425	11234
TOTAL	THS_T	HU221	11931	12081	8600	7947	10172	9235	9470	11926
TOTAL	THS_T	HU222	4926	4697	4100	4165	4603	4763	8555	7490
TOTAL	THS_T	HU223	4075	3757	3311	4224	5886	5693	6472	9320
TOTAL	THS_T	HU231	5591	6589	6169	4777	6223	7689	13008	16890
TOTAL	THS_T	HU232	3690	3960	4052	3769	5597	6141	5908	6447
TOTAL	THS_T	HU233	3625	3259	3091	3707	3733	4530	11374	13223
TOTAL	THS_T	HU311	11743	11677	9036	9328	12055	12031	14833	18137
TOTAL	THS_T	HU312	5539	4923	4169	5430	3737	5740	5428	5575
TOTAL	THS_T	HU313	1623	1616	1439	1048	1371	1652	2020	1707
TOTAL	THS_T	HU321	6140	5844	5156	5452	5662	8151	8146	9225
TOTAL	THS_T	HU322	6251	8167	4670	6166	6844	7393	6919	8689
TOTAL	THS_T	HU323	6326	5331	5367	5960	5239	6665	5805	6852
TOTAL	THS_T	HU331	10379	9945	8174	7250	8695	9628	9316	8597
TOTAL	THS_T	HU332	5855	6715	4341	5328	5028	5640	5708	6340
TOTAL	THS_T	HU333	7318	6787	6005	3644	5616	7566	11871	7370
TOTAL	THS_T	IE011	10352	10401	9820	10383	10177	10930	12492	22156
TOTAL	THS_T	IE012	6457	6409	5980	5371	5890	7144	11062	25208
TOTAL	THS_T	IE013	8465	7504	7946	7618	7202	8975	13456	22947
TOTAL	THS_T	IE021	29227	28193	25164	24102	24769	24967	26699	46728
TOTAL	THS_T	IE022	12463	12582	10692	10646	10854	14925	20169	33961
TOTAL	THS_T	IE023	9463	10220	9819	9422	11331	12668	12796	24931
TOTAL	THS_T	IE024	15369	15055	14038	14517	14889	15259	18305	29019
TOTAL	THS_T	IE025	18412	16212	17691	17459	16898	20772	19174	36501
TOTAL	THS_T	ITC11	20672	20804	22682	25411	25457	37725	28891	47825
TOTAL	THS_T	ITC12	2629	4178	5778	4791	16026	8649	8866	5119
TOTAL	THS_T	ITC13	2424	1776	2455	2684	3358	2209	3076	2505
TOTAL	THS_T	ITC14	2724	1966	2061	2747	2070	2107	4643	2804
TOTAL	THS_T	ITC15	8763	10370	6959	9915	7654	11421	10192	16579
TOTAL	THS_T	ITC16	20518	14959	24281	32469	35268	40805	39028	37959
TOTAL	THS_T	ITC17	3627	3023	3654	7095	7312	6681	8046	7058
TOTAL	THS_T	ITC18	14014	12974	11808	13152	13080	21700	20346	20654
TOTAL	THS_T	ITC20	1302	894	1306	1734	1748	2580	1323	2279
TOTAL	THS_T	ITC31	984	1882	3871	2418	1239	3166	1807	2943
TOTAL	THS_T	ITC32	6932	6626	7161	6882	8696	19280	10725	8649
TOTAL	THS_T	ITC33	14110	16902	15395	18449	19798	19949	17411	15321
TOTAL	THS_T	ITC34	4474	3833	5205	4002	4363	2360	5455	5354
TOTAL	THS_T	ITC41	14221	13479	15028	16719	22676	24435	17421	18627
TOTAL	THS_T	ITC42	7069	7918	6464	10467	17340	8774	9019	11769
TOTAL	THS_T	ITC43	6959	7686	7181	7955	10694	7904	8140	11990
TOTAL	THS_T	ITC44	4617	3132	5190	4564	6652	11846	5914	8077
TOTAL	THS_T	ITC45	:	:	:	:	59065	71170	62302	64762
TOTAL	THS_T	ITC46	30204	35742	32598	36418	42443	42588	45327	45524
TOTAL	THS_T	ITC47	47719	47964	44373	51298	53483	55300	53794	61196
TOTAL	THS_T	ITC48	11905	12033	12237	9535	12827	15179	21926	16894
TOTAL	THS_T	ITC49	5170	5710	5058	5546	3909	6994	7073	8236
TOTAL	THS_T	ITC4A	11306	15824	14449	17834	27676	18449	14862	15239
TOTAL	THS_T	ITC4B	13460	15791	16480	18656	26770	31803	29614	31311
TOTAL	THS_T	ITC4C	44400	47147	39343	45685	:	:	:	:
TOTAL	THS_T	ITC4D	11082	8394	9150	8337	:	:	:	:
TOTAL	THS_T	ITD10	:	:	:	:	24590	25821	21728	24865
TOTAL	THS_T	ITD20	:	:	:	:	25613	28200	26973	33817
TOTAL	THS_T	ITD31	:	:	:	:	35739	32723	34971	39761
TOTAL	THS_T	ITD32	:	:	:	:	34519	31108	34943	33427
TOTAL	THS_T	ITD33	:	:	:	:	5433	2874	4483	4735
TOTAL	THS_T	ITD34	:	:	:	:	32624	38270	36878	44078
TOTAL	THS_T	ITD35	:	:	:	:	32285	37847	30556	31971
TOTAL	THS_T	ITD36	:	:	:	:	16741	30329	26657	33437
TOTAL	THS_T	ITD37	:	:	:	:	8292	7264	5884	6412
TOTAL	THS_T	ITD41	:	:	:	:	10732	14028	16453	15690
TOTAL	THS_T	ITD42	:	:	:	:	15523	20761	17710	20538
TOTAL	THS_T	ITD43	:	:	:	:	2928	5821	3090	5243
TOTAL	THS_T	ITD44	:	:	:	:	2395	4201	4662	3317
TOTAL	THS_T	ITD51	:	:	:	:	15458	32275	22867	20916
TOTAL	THS_T	ITD52	:	:	:	:	19770	16576	28950	13292
TOTAL	THS_T	ITD53	:	:	:	:	20563	16563	21328	24092
TOTAL	THS_T	ITD54	:	:	:	:	33315	29922	28206	31935
TOTAL	THS_T	ITD55	:	:	:	:	24670	26431	26074	28344
TOTAL	THS_T	ITD56	:	:	:	:	10235	10487	10970	8230
TOTAL	THS_T	ITD57	:	:	:	:	35807	37019	25248	36354
TOTAL	THS_T	ITD58	:	:	:	:	12579	14038	11628	19129
TOTAL	THS_T	ITD59	:	:	:	:	6045	5121	5583	9840
TOTAL	THS_T	ITE11	:	:	:	:	7215	10546	11025	4048
TOTAL	THS_T	ITE12	:	:	:	:	11320	15854	13462	11401
TOTAL	THS_T	ITE13	:	:	:	:	6750	4506	9015	2886
TOTAL	THS_T	ITE14	:	:	:	:	24110	27608	21609	25525
TOTAL	THS_T	ITE15	:	:	:	:	1539	7854	2669	1986
TOTAL	THS_T	ITE16	:	:	:	:	20138	23204	16527	23377
TOTAL	THS_T	ITE17	:	:	:	:	10170	6399	9438	8241
TOTAL	THS_T	ITE18	:	:	:	:	6489	7880	11655	11222
TOTAL	THS_T	ITE19	:	:	:	:	6298	8670	6577	6213
TOTAL	THS_T	ITE1A	:	:	:	:	2732	7551	3159	5593
TOTAL	THS_T	ITE21	:	:	:	:	31214	24394	22485	42109
TOTAL	THS_T	ITE22	:	:	:	:	6527	9980	23058	11831
TOTAL	THS_T	ITE31	:	:	:	:	12055	10174	10584	7990
TOTAL	THS_T	ITE32	:	:	:	:	10191	12675	12629	15399
TOTAL	THS_T	ITE33	:	:	:	:	7559	6750	6424	6923
TOTAL	THS_T	ITE34	:	:	:	:	5904	5628	6626	5035
TOTAL	THS_T	ITE41	:	:	:	:	12639	5225	9508	7010
TOTAL	THS_T	ITE42	:	:	:	:	1725	1894	2639	2381
TOTAL	THS_T	ITE43	:	:	:	:	32061	60858	65718	56608
TOTAL	THS_T	ITE44	:	:	:	:	5647	8579	9383	7347
TOTAL	THS_T	ITE45	:	:	:	:	13960	9088	11571	11678
TOTAL	THS_T	ITF11	3439	3354	3309	5144	7671	8710	10365	7501
TOTAL	THS_T	ITF12	1908	2996	4930	4973	5204	5980	6347	5795
TOTAL	THS_T	ITF13	2460	2615	3956	6357	7067	5930	5697	8251
TOTAL	THS_T	ITF14	4315	5990	5281	8425	9422	15298	12302	13063
TOTAL	THS_T	ITF21	1612	1269	1035	651	2249	2308	2188	3046
TOTAL	THS_T	ITF22	2584	2151	2665	1752	5759	5904	4767	4667
TOTAL	THS_T	ITF31	7828	6692	7096	5620	8499	6024	11743	12025
TOTAL	THS_T	ITF32	2724	1624	1678	2541	2088	2310	1901	2926
TOTAL	THS_T	ITF33	14144	12521	12072	12731	17822	21928	17327	14874
TOTAL	THS_T	ITF34	3483	2513	2198	2872	3883	6059	3422	8221
TOTAL	THS_T	ITF35	6674	5565	8813	9204	16520	19948	32328	14113
TOTAL	THS_T	ITF41	:	:	:	:	7084	8469	8564	6246
TOTAL	THS_T	ITF42	:	:	:	:	14630	26060	15902	15951
TOTAL	THS_T	ITF43	4931	8827	6425	8178	9264	13729	11602	9695
TOTAL	THS_T	ITF44	1977	2900	2802	3735	4131	2447	2504	4356
TOTAL	THS_T	ITF45	2924	3514	2112	5254	5776	7186	6533	7404
TOTAL	THS_T	ITF46	4339	5629	5818	6218	:	:	:	:
TOTAL	THS_T	ITF47	11842	11584	12970	16495	:	:	:	:
TOTAL	THS_T	ITF48	3269	3163	2416	1690	:	:	:	:
TOTAL	THS_T	ITF51	6222	5353	6206	6011	4672	6747	6862	6321
TOTAL	THS_T	ITF52	1521	2878	1339	7698	1897	2614	3330	2503
TOTAL	THS_T	ITF61	18668	3760	9048	5138	8536	6861	12363	6024
TOTAL	THS_T	ITF62	363	356	395	1902	2241	1022	1128	1494
TOTAL	THS_T	ITF63	3019	4069	6102	3352	7406	16235	1640	11975
TOTAL	THS_T	ITF64	1793	1856	346	1503	2434	4428	5400	584
TOTAL	THS_T	ITF65	1703	3855	3275	3230	729	7543	6509	7138
TOTAL	THS_T	ITG11	2072	2140	1466	1356	4861	2172	2607	1789
TOTAL	THS_T	ITG12	3717	5747	5440	3482	7866	4392	2657	6658
TOTAL	THS_T	ITG13	1252	1922	3070	2328	2041	2888	4206	7908
TOTAL	THS_T	ITG14	1067	2524	1822	737	3077	4623	4301	6062
TOTAL	THS_T	ITG15	5742	1034	1984	7333	2308	2455	2119	1701
TOTAL	THS_T	ITG16	2327	925	1403	427	156	1334	841	1393
TOTAL	THS_T	ITG17	7840	10282	5372	5163	12980	12995	13934	12791
TOTAL	THS_T	ITG18	5934	3200	4850	7846	12804	3952	8210	6025
TOTAL	THS_T	ITG19	3352	2298	4529	3077	2338	5628	4420	8440
TOTAL	THS_T	ITG25	4440	5463	2377	3759	4027	6858	8322	4962
TOTAL	THS_T	ITG26	1063	1179	1610	825	1011	156	1450	2731
TOTAL	THS_T	ITG27	7793	4486	7578	11519	8130	9072	10649	5221
TOTAL	THS_T	ITG28	2259	2477	1882	850	1379	2422	3382	2214
TOTAL	THS_T	ITG29	1007	932	1222	1132	1473	776	4478	2042
TOTAL	THS_T	ITG2A	77	14	88	486	228	296	1196	2
TOTAL	THS_T	ITG2B	561	3106	642	848	2075	6222	786	827
TOTAL	THS_T	ITG2C	1534	438	1374	1090	841	1372	3043	3176
TOTAL	THS_T	ITH10	16754	17751	22440	17059	:	:	:	:
TOTAL	THS_T	ITH20	11549	18322	20178	19483	:	:	:	:
TOTAL	THS_T	ITH31	26902	26376	37081	32883	:	:	:	:
TOTAL	THS_T	ITH32	20400	17936	26400	28810	:	:	:	:
TOTAL	THS_T	ITH33	2097	2515	3517	4492	:	:	:	:
TOTAL	THS_T	ITH34	25443	25345	25931	28517	:	:	:	:
TOTAL	THS_T	ITH35	22510	25079	20913	31620	:	:	:	:
TOTAL	THS_T	ITH36	18458	19693	23678	19418	:	:	:	:
TOTAL	THS_T	ITH37	4917	3741	5406	6054	:	:	:	:
TOTAL	THS_T	ITH41	5932	6846	7566	6613	:	:	:	:
TOTAL	THS_T	ITH42	10973	10112	12575	13703	:	:	:	:
TOTAL	THS_T	ITH43	2409	3204	1850	3610	:	:	:	:
TOTAL	THS_T	ITH44	1521	1429	1793	3373	:	:	:	:
TOTAL	THS_T	ITH51	12250	11635	16667	19308	:	:	:	:
TOTAL	THS_T	ITH52	10795	11809	13193	27396	:	:	:	:
TOTAL	THS_T	ITH53	12989	15642	20790	13463	:	:	:	:
TOTAL	THS_T	ITH54	18453	25623	23453	15975	:	:	:	:
TOTAL	THS_T	ITH55	16198	16178	19104	24164	:	:	:	:
TOTAL	THS_T	ITH56	7182	5754	6008	6229	:	:	:	:
TOTAL	THS_T	ITH57	24270	27797	28474	33023	:	:	:	:
TOTAL	THS_T	ITH58	9362	8993	10149	14151	:	:	:	:
TOTAL	THS_T	ITH59	3204	3494	3813	5856	:	:	:	:
TOTAL	THS_T	ITI11	4544	4266	5533	1933	:	:	:	:
TOTAL	THS_T	ITI12	8781	9655	12334	7421	:	:	:	:
TOTAL	THS_T	ITI13	2357	3016	2740	3202	:	:	:	:
TOTAL	THS_T	ITI14	17752	16785	17398	23280	:	:	:	:
TOTAL	THS_T	ITI15	4779	2737	1689	2072	:	:	:	:
TOTAL	THS_T	ITI16	19477	14831	17496	16555	:	:	:	:
TOTAL	THS_T	ITI17	6053	6709	6477	6408	:	:	:	:
TOTAL	THS_T	ITI18	5294	5539	4256	4582	:	:	:	:
TOTAL	THS_T	ITI19	2922	3111	4224	2747	:	:	:	:
TOTAL	THS_T	ITI1A	10013	4471	4887	1855	:	:	:	:
TOTAL	THS_T	ITI21	18551	14325	12570	11489	:	:	:	:
TOTAL	THS_T	ITI22	4214	2350	3287	5907	:	:	:	:
TOTAL	THS_T	ITI31	2599	3850	4150	7400	:	:	:	:
TOTAL	THS_T	ITI32	10526	6301	11817	12070	:	:	:	:
TOTAL	THS_T	ITI33	3801	5818	6182	2521	:	:	:	:
TOTAL	THS_T	ITI34	2225	2106	2817	3477	:	:	:	:
TOTAL	THS_T	ITI35	955	1043	801	1233	:	:	:	:
TOTAL	THS_T	ITI41	2798	4235	3785	11025	:	:	:	:
TOTAL	THS_T	ITI42	309	271	909	2305	:	:	:	:
TOTAL	THS_T	ITI43	32091	32517	29719	28639	:	:	:	:
TOTAL	THS_T	ITI44	5608	5461	5995	11534	:	:	:	:
TOTAL	THS_T	ITI45	7518	8511	9153	8233	:	:	:	:
TOTAL	THS_T	LT001	1879	1649	1709	2214	1400	1826	1477	2473
TOTAL	THS_T	LT002	7619	7925	6889	6937	6319	6837	7280	9744
TOTAL	THS_T	LT003	4310	4704	4432	3751	4105	3558	3863	6626
TOTAL	THS_T	LT004	2059	2479	1672	1405	2029	1726	1409	1804
TOTAL	THS_T	LT005	2740	2218	2649	2313	2287	2504	2764	3637
TOTAL	THS_T	LT006	4453	4413	3754	3612	4295	3929	4193	4599
TOTAL	THS_T	LT007	1153	1462	1328	1133	1154	1240	853	1369
TOTAL	THS_T	LT008	2056	2011	1621	1968	1684	2069	1851	3060
TOTAL	THS_T	LT009	1606	1442	1498	1165	1167	1567	1568	2532
TOTAL	THS_T	LT00A	6689	6617	6084	6495	5855	5656	7491	10480
TOTAL	THS_T	LU000	25502	28518	22585	29148	27296	27803	23539	27504
TOTAL	THS_T	LV003	11123	10800	9837	11262	8803	7522	5823	9875
TOTAL	THS_T	LV005	7032	6481	7748	4236	6306	5739	4088	5847
TOTAL	THS_T	LV006	9644	9569	8476	8363	9095	7748	7321	9824
TOTAL	THS_T	LV007	9793	11851	10915	9059	9321	7183	6851	8487
TOTAL	THS_T	LV008	8348	7551	7117	6818	8509	6926	5654	6636
TOTAL	THS_T	LV009	7234	9321	9480	6493	6881	7944	5363	8641
TOTAL	THS_T	NL111	5728	4430	4971	3596	5146	3976	9488	5538
TOTAL	THS_T	NL112	2580	2276	1781	1426	2347	1759	4196	3380
TOTAL	THS_T	NL113	12125	11114	8762	8724	8917	10627	11359	10696
TOTAL	THS_T	NL121	9353	9667	8571	7361	7683	7672	9125	8922
TOTAL	THS_T	NL122	4401	3902	3427	3575	3885	4371	3667	2784
TOTAL	THS_T	NL123	10325	8765	8502	7262	7336	6633	7020	8226
TOTAL	THS_T	NL131	6045	6412	5882	6789	4206	5512	5987	5746
TOTAL	THS_T	NL132	5756	4633	5469	4470	5412	8399	11347	5920
TOTAL	THS_T	NL133	6312	6105	6079	4054	3896	4148	4990	4785
TOTAL	THS_T	NL211	16203	14754	14864	12968	15919	16819	16342	18340
TOTAL	THS_T	NL212	5278	2411	3891	3951	5063	3810	4669	4104
TOTAL	THS_T	NL213	16500	15046	15289	11455	13989	12547	15858	16981
TOTAL	THS_T	NL221	20749	23071	22201	18185	17918	18436	19295	18644
TOTAL	THS_T	NL224	11843	11023	9138	7607	7924	8105	11410	11673
TOTAL	THS_T	NL225	13730	11779	10352	10964	14590	12880	12765	12087
TOTAL	THS_T	NL226	17757	15585	15694	14112	15987	14205	15693	16463
TOTAL	THS_T	NL230	10895	11063	9834	9372	8574	8962	9352	10457
TOTAL	THS_T	NL310	22274	25364	24542	22528	23176	22689	26550	27596
TOTAL	THS_T	NL321	11453	12361	10462	8952	9143	6786	7625	7951
TOTAL	THS_T	NL322	3242	3034	2153	2417	4663	4609	2959	4466
TOTAL	THS_T	NL323	6315	4871	5854	3914	3819	4105	3973	3682
TOTAL	THS_T	NL324	1549	1230	1503	907	1256	1244	1207	1201
TOTAL	THS_T	NL325	5010	4973	5095	4729	4041	5442	3766	4105
TOTAL	THS_T	NL326	30001	25520	27043	21459	22319	25907	29595	23278
TOTAL	THS_T	NL327	4846	1906	3487	2690	3069	1688	2692	3050
TOTAL	THS_T	NL331	:	:	:	:	7090	6549	7269	7710
TOTAL	THS_T	NL332	7875	6434	7065	4835	7573	6976	7459	7453
TOTAL	THS_T	NL333	7798	6861	6420	6271	5738	5266	7784	8757
TOTAL	THS_T	NL334	:	:	:	:	8487	10379	9415	9547
TOTAL	THS_T	NL335	:	:	:	:	57093	53760	56143	56899
TOTAL	THS_T	NL336	:	:	:	:	10230	12756	13008	12729
TOTAL	THS_T	NL337	8405	7738	8045	6900	:	:	:	:
TOTAL	THS_T	NL338	10563	10788	8727	8339	:	:	:	:
TOTAL	THS_T	NL339	60633	56068	54596	56951	:	:	:	:
TOTAL	THS_T	NL33A	10298	10936	9013	10650	:	:	:	:
TOTAL	THS_T	NL341	6323	4485	4758	3484	3200	4097	4415	4683
TOTAL	THS_T	NL342	8667	8556	7759	8729	7653	8673	8684	10403
TOTAL	THS_T	NL411	25553	24668	25745	20504	21989	22063	26413	25097
TOTAL	THS_T	NL412	16850	14449	13709	12527	10440	12150	12877	12816
TOTAL	THS_T	NL413	24625	26401	25641	24443	21193	22498	26328	23327
TOTAL	THS_T	NL414	21273	21682	22669	18703	19978	18773	21462	23026
TOTAL	THS_T	NL421	15643	14132	18566	13282	15818	12838	18694	12948
TOTAL	THS_T	NL422	9507	7977	7512	7464	8311	8158	8043	11700
TOTAL	THS_T	NL423	14186	12417	13055	13848	11702	14579	15348	17410
TOTAL	THS_T	NO011	32519	24642	24777	23383	29619	24476	25214	25548
TOTAL	THS_T	NO012	47002	51119	35720	30742	31403	35370	25965	37241
TOTAL	THS_T	NO021	18531	24905	15381	11241	11597	8706	12927	10309
TOTAL	THS_T	NO022	13453	11315	13531	10849	9275	10017	9341	8920
TOTAL	THS_T	NO031	24915	18502	24289	25743	21001	27543	17210	35332
TOTAL	THS_T	NO032	14704	13390	14117	12227	14831	10245	13643	10276
TOTAL	THS_T	NO033	10023	8372	8201	8177	8042	15876	11012	13265
TOTAL	THS_T	NO034	5273	7579	8919	8033	5597	5669	8274	8374
TOTAL	THS_T	NO041	4235	5452	7194	8542	6460	5075	7086	8245
TOTAL	THS_T	NO042	11291	6230	6235	7084	5811	7291	9159	8502
TOTAL	THS_T	NO043	20948	29333	25583	21764	20229	25264	23417	31449
TOTAL	THS_T	NO051	20209	20465	24537	14138	14880	17805	17877	22363
TOTAL	THS_T	NO052	6097	12922	4041	4366	12673	24811	6316	7080
TOTAL	THS_T	NO053	10614	17062	10400	14964	16736	14152	20612	16048
TOTAL	THS_T	NO061	10506	12806	16844	22525	13188	8358	14214	10157
TOTAL	THS_T	NO062	5569	5877	6816	6288	6297	6657	7934	7716
TOTAL	THS_T	NO071	10079	9905	8153	9609	8519	8603	12541	12689
TOTAL	THS_T	NO072	5816	5839	7523	3141	5093	3885	5008	6875
TOTAL	THS_T	NO073	6682	2432	3443	3382	9779	1133	4328	1682
TOTAL	THS_T	PL113	13019	15980	16668	9719	6718	11102	15472	10273
TOTAL	THS_T	PL114	11713	9196	13237	11960	13204	7374	8472	13380
TOTAL	THS_T	PL115	26236	18880	23166	23095	23948	22296	19659	18356
TOTAL	THS_T	PL116	12136	13018	24740	23094	18866	10094	26870	8602
TOTAL	THS_T	PL117	13068	10551	12082	15307	36362	10502	13109	14160
TOTAL	THS_T	PL121	:	20695	20915	22013	21547	19254	17128	20149
TOTAL	THS_T	PL122	:	24261	18552	22761	26911	22417	18270	19084
TOTAL	THS_T	PL127	23996	28377	28278	33952	26387	29552	26733	35147
TOTAL	THS_T	PL128	14035	11874	12805	12127	13235	11722	16815	15694
TOTAL	THS_T	PL129	15581	16968	13177	13072	18447	18584	16311	12609
TOTAL	THS_T	PL12A	31158	33131	30333	29421	36578	27202	26371	23013
TOTAL	THS_T	PL12B	10836	:	:	:	:	:	:	:
TOTAL	THS_T	PL12C	10882	:	:	:	:	:	:	:
TOTAL	THS_T	PL12D	16185	:	:	:	:	:	:	:
TOTAL	THS_T	PL12E	6586	:	:	:	:	:	:	:
TOTAL	THS_T	PL213	15351	12805	15087	13159	14221	11862	17002	15650
TOTAL	THS_T	PL214	21508	22397	17419	13618	17768	20263	12542	11109
TOTAL	THS_T	PL215	:	15097	13758	11274	16103	14233	11879	10391
TOTAL	THS_T	PL216	:	13991	14955	17441	22482	15922	15020	20305
TOTAL	THS_T	PL217	11074	16090	10891	13035	15175	12869	20362	10138
TOTAL	THS_T	PL218	6674	:	:	:	:	:	:	:
TOTAL	THS_T	PL219	2887	:	:	:	:	:	:	:
TOTAL	THS_T	PL21A	16057	:	:	:	:	:	:	:
TOTAL	THS_T	PL224	14388	15082	11099	8097	9670	11227	11019	11716
TOTAL	THS_T	PL225	12500	15948	13649	20211	13383	14907	15298	11520
TOTAL	THS_T	PL227	16087	22560	26888	22355	12190	20920	24550	27524
TOTAL	THS_T	PL228	11168	11681	14269	12587	16659	16914	15152	13289
TOTAL	THS_T	PL229	21429	14548	16799	13515	15199	19784	31320	21285
TOTAL	THS_T	PL22A	19183	21719	23587	18121	19842	22649	15394	19109
TOTAL	THS_T	PL22B	26557	22379	31893	24544	26245	21793	28653	24441
TOTAL	THS_T	PL22C	11809	17837	14641	12329	16735	15551	13907	13677
TOTAL	THS_T	PL311	8472	9667	8058	5703	8006	7086	5393	7671
TOTAL	THS_T	PL312	13993	19259	12780	10775	13753	13687	10100	13628
TOTAL	THS_T	PL314	13326	19269	25589	21742	22014	12982	13769	13480
TOTAL	THS_T	PL315	11836	8954	7465	7175	11739	6021	6150	4646
TOTAL	THS_T	PL323	6758	11570	5728	9211	9351	11911	9227	14049
TOTAL	THS_T	PL324	6992	9420	16339	13839	11577	8748	3785	4591
TOTAL	THS_T	PL325	14298	12336	10610	15531	15034	14039	11532	12885
TOTAL	THS_T	PL326	15536	13295	16526	12690	18691	15534	9892	9696
TOTAL	THS_T	PL331	27203	35120	37743	40210	37401	32214	37607	45873
TOTAL	THS_T	PL332	19436	16627	15046	21352	15831	14258	16146	13903
TOTAL	THS_T	PL343	11195	11355	13962	21758	17399	12402	11181	17129
TOTAL	THS_T	PL344	14404	12101	16108	12822	22228	8681	10916	10476
TOTAL	THS_T	PL345	8221	8880	13787	7950	11838	7193	6910	8693
TOTAL	THS_T	PL411	14927	12221	14365	11807	7615	12620	9968	8684
TOTAL	THS_T	PL414	20088	14970	14152	19660	19553	17908	13235	19267
TOTAL	THS_T	PL415	11836	10664	12003	11578	9786	13264	17948	17853
TOTAL	THS_T	PL416	22728	24063	24372	22777	19070	20682	16772	12642
TOTAL	THS_T	PL417	16275	19058	20258	22160	22659	17165	16734	11133
TOTAL	THS_T	PL418	31507	26992	25246	29854	26888	20206	10968	12237
TOTAL	THS_T	PL422	:	14129	13319	15062	19112	16761	13189	10800
TOTAL	THS_T	PL423	:	8135	8002	6866	5243	8704	17192	14493
TOTAL	THS_T	PL424	10374	14453	10134	8734	9563	13615	9983	9965
TOTAL	THS_T	PL425	:	10020	10453	13982	12841	9569	8368	8356
TOTAL	THS_T	PL426	12365	:	:	:	:	:	:	:
TOTAL	THS_T	PL427	15906	:	:	:	:	:	:	:
TOTAL	THS_T	PL428	12026	:	:	:	:	:	:	:
TOTAL	THS_T	PL431	10939	9068	13069	9969	14743	12252	11683	10021
TOTAL	THS_T	PL432	14508	13381	17416	13375	16920	24865	11983	12553
TOTAL	THS_T	PL514	12658	18030	17364	13478	14908	13001	19946	13766
TOTAL	THS_T	PL515	13507	14634	18931	13461	18577	15225	16311	20102
TOTAL	THS_T	PL516	15256	12549	16236	17476	7836	11018	11483	15691
TOTAL	THS_T	PL517	18177	22464	17987	16066	21694	24901	20496	19585
TOTAL	THS_T	PL518	26136	29144	24118	32390	31686	26342	24096	20102
TOTAL	THS_T	PL521	:	14762	12158	11659	14315	9106	9591	7656
TOTAL	THS_T	PL522	:	28968	24960	19283	24317	18138	20253	18383
TOTAL	THS_T	PL523	10853	:	:	:	:	:	:	:
TOTAL	THS_T	PL524	20662	:	:	:	:	:	:	:
TOTAL	THS_T	PL613	15922	20968	20602	17337	21477	18972	18559	18635
TOTAL	THS_T	PL614	:	15127	11367	9199	12361	21731	20025	11967
TOTAL	THS_T	PL615	:	24625	27185	28381	29801	28035	29122	20905
TOTAL	THS_T	PL616	11587	:	:	:	:	:	:	:
TOTAL	THS_T	PL617	15153	:	:	:	:	:	:	:
TOTAL	THS_T	PL618	5538	:	:	:	:	:	:	:
TOTAL	THS_T	PL619	7981	:	:	:	:	:	:	:
TOTAL	THS_T	PL621	15079	13829	15200	12151	18659	21274	15148	15072
TOTAL	THS_T	PL622	13199	14598	12593	23413	20021	23643	12670	15106
TOTAL	THS_T	PL623	6974	9382	9348	8019	11284	11843	21889	6434
TOTAL	THS_T	PL631	:	16090	14666	10517	18161	13885	17718	14019
TOTAL	THS_T	PL633	19926	27559	26706	21925	24397	20593	23735	26568
TOTAL	THS_T	PL634	22399	19486	16160	14893	20156	16927	13492	15235
TOTAL	THS_T	PL635	:	15421	9998	9437	14188	16520	11515	9923
TOTAL	THS_T	PL636	9496	:	:	:	:	:	:	:
TOTAL	THS_T	PL637	13553	:	:	:	:	:	:	:
TOTAL	THS_T	PL638	8989	:	:	:	:	:	:	:
TOTAL	THS_T	PT111	1994	2094	1897	2159	3348	3549	5995	6579
TOTAL	THS_T	PT112	3474	3921	2702	2663	4523	4030	5897	7182
TOTAL	THS_T	PT113	:	4261	4357	5075	6523	5745	7565	7237
TOTAL	THS_T	PT114	:	16895	17029	15613	22016	23474	27378	28170
TOTAL	THS_T	PT115	:	3924	3787	4512	7255	9717	7944	9137
TOTAL	THS_T	PT116	:	3125	4232	3304	5651	4542	4647	6374
TOTAL	THS_T	PT117	:	1558	1730	2607	6741	4827	2577	2826
TOTAL	THS_T	PT118	:	1055	1413	3151	6137	3960	3141	3038
TOTAL	THS_T	PT119	3434	:	:	:	:	:	:	:
TOTAL	THS_T	PT11A	21492	:	:	:	:	:	:	:
TOTAL	THS_T	PT11B	812	:	:	:	:	:	:	:
TOTAL	THS_T	PT11C	3851	:	:	:	:	:	:	:
TOTAL	THS_T	PT11D	2319	:	:	:	:	:	:	:
TOTAL	THS_T	PT11E	874	:	:	:	:	:	:	:
TOTAL	THS_T	PT150	4088	3381	3035	4852	6283	8544	10484	13823
TOTAL	THS_T	PT161	:	9019	9753	8256	10893	11191	13983	14721
TOTAL	THS_T	PT162	:	4754	7066	5567	7513	6021	10870	13598
TOTAL	THS_T	PT163	:	7711	7141	8137	14059	11197	13563	15349
TOTAL	THS_T	PT164	:	1496	2003	3444	2525	2849	2784	4424
TOTAL	THS_T	PT165	:	3381	3290	3278	4793	5148	6169	5457
TOTAL	THS_T	PT166	:	432	809	1202	821	1087	1712	1264
TOTAL	THS_T	PT167	:	254	146	206	296	247	396	454
TOTAL	THS_T	PT168	:	462	552	633	1761	2539	1356	2099
TOTAL	THS_T	PT169	:	615	524	616	1398	935	914	1006
TOTAL	THS_T	PT16A	:	436	499	413	892	965	828	1291
TOTAL	THS_T	PT16B	7767	6423	7114	7853	12299	14006	19026	18693
TOTAL	THS_T	PT16C	:	4557	4257	5917	5857	6950	8647	9010
TOTAL	THS_T	PT16D	8452	:	:	:	:	:	:	:
TOTAL	THS_T	PT16E	6717	:	:	:	:	:	:	:
TOTAL	THS_T	PT16F	9369	:	:	:	:	:	:	:
TOTAL	THS_T	PT16G	3054	:	:	:	:	:	:	:
TOTAL	THS_T	PT16H	849	:	:	:	:	:	:	:
TOTAL	THS_T	PT16I	5084	:	:	:	:	:	:	:
TOTAL	THS_T	PT16J	1328	:	:	:	:	:	:	:
TOTAL	THS_T	PT170	25816	:	:	:	:	:	:	:
TOTAL	THS_T	PT171	:	13214	13097	14826	22130	26115	34088	34798
TOTAL	THS_T	PT172	:	10833	10959	13048	16928	17546	21078	30115
TOTAL	THS_T	PT181	2891	3634	2265	3084	4693	5311	4181	4043
TOTAL	THS_T	PT182	:	765	887	875	1413	1916	1709	2766
TOTAL	THS_T	PT183	:	1906	1330	1803	4593	3076	3150	4001
TOTAL	THS_T	PT184	1618	2780	946	1605	2105	2127	3297	3665
TOTAL	THS_T	PT185	8777	11278	9760	9788	10525	12933	13791	16882
TOTAL	THS_T	PT186	1045	:	:	:	:	:	:	:
TOTAL	THS_T	PT187	1863	:	:	:	:	:	:	:
TOTAL	THS_T	RO111	4280	2962	4768	7632	15631	11793	17260	24150
TOTAL	THS_T	RO112	3915	3174	4362	3503	3047	2430	5243	6818
TOTAL	THS_T	RO113	7315	7237	6706	6337	5651	6726	8484	23164
TOTAL	THS_T	RO114	4481	3339	3939	3255	1902	2196	1775	4796
TOTAL	THS_T	RO115	2675	2121	2321	2560	1491	1762	1675	3486
TOTAL	THS_T	RO116	1433	2314	1179	908	1234	1212	1853	5174
TOTAL	THS_T	RO121	8316	5882	7076	5401	3111	2954	4245	4439
TOTAL	THS_T	RO122	4650	5402	5092	5606	5640	4750	8344	12467
TOTAL	THS_T	RO123	2441	2631	1004	794	1085	1268	1848	2005
TOTAL	THS_T	RO124	3649	3327	2993	3143	2325	1278	3607	16208
TOTAL	THS_T	RO125	3097	4006	3568	2640	2345	1726	4629	13796
TOTAL	THS_T	RO126	6527	6846	10189	9352	5021	3251	3942	4284
TOTAL	THS_T	RO211	4614	2998	3192	2929	2625	4423	7040	7305
TOTAL	THS_T	RO212	2000	2032	1907	1244	1308	1380	1337	8317
TOTAL	THS_T	RO213	4600	4005	4774	4712	5181	2512	4319	5309
TOTAL	THS_T	RO214	3025	2628	2227	1558	1511	1194	1626	2485
TOTAL	THS_T	RO215	5075	7270	7342	3662	6205	5532	6760	8475
TOTAL	THS_T	RO216	1274	507	1060	887	850	517	804	949
TOTAL	THS_T	RO221	1227	1120	1269	1566	1416	1365	2688	2836
TOTAL	THS_T	RO222	5100	4793	5836	5329	4509	3883	6882	6742
TOTAL	THS_T	RO223	8520	6965	8166	10099	10063	8868	12957	15585
TOTAL	THS_T	RO224	1769	2051	1818	1938	1721	3674	7100	6815
TOTAL	THS_T	RO225	1869	2268	2395	1093	2577	2107	2921	2391
TOTAL	THS_T	RO226	1909	1532	1797	1652	1500	1033	1337	7763
TOTAL	THS_T	RO311	5225	4802	5002	6307	5385	7708	17634	12868
TOTAL	THS_T	RO312	2741	2843	3515	2123	3043	3690	5542	4376
TOTAL	THS_T	RO313	3304	2890	2627	2628	2954	4019	4427	5300
TOTAL	THS_T	RO314	1068	1088	1003	1376	1171	827	976	694
TOTAL	THS_T	RO315	1865	1460	1497	1105	2622	701	2096	901
TOTAL	THS_T	RO316	8266	8834	7735	10190	11683	9658	16081	10041
TOTAL	THS_T	RO317	1828	2165	1036	1723	1151	1788	1889	2772
TOTAL	THS_T	RO321	8687	10504	9853	11380	11196	14846	16988	45572
TOTAL	THS_T	RO322	5259	5646	5307	4677	5774	6067	7613	7196
TOTAL	THS_T	RO411	2000	3307	2290	1445	1151	1424	4261	2524
TOTAL	THS_T	RO412	2026	2233	2403	2897	3331	3693	12272	5244
TOTAL	THS_T	RO413	2193	2063	2443	2786	4098	4028	5140	3615
TOTAL	THS_T	RO414	1791	2431	2249	2139	2055	1866	3691	3216
TOTAL	THS_T	RO415	2372	3439	3719	2784	2433	3057	6674	6027
TOTAL	THS_T	RO421	5835	7387	5922	8374	7219	5056	9233	6059
TOTAL	THS_T	RO422	2993	2595	1762	3927	3454	3854	9189	13984
TOTAL	THS_T	RO423	6993	6894	6855	11577	5077	5690	13251	11500
TOTAL	THS_T	RO424	9703	7679	9509	8479	10294	7798	28090	9984
TOTAL	THS_T	SE110	39825	41826	26031	30466	28766	38336	35000	37023
TOTAL	THS_T	SE121	11548	12745	7208	7056	9521	8872	9753	8421
TOTAL	THS_T	SE122	11593	12572	9372	6526	8784	5975	10239	6923
TOTAL	THS_T	SE123	23192	13362	15360	11953	17848	16035	11605	18172
TOTAL	THS_T	SE124	14499	9702	7626	11717	13087	11983	12991	11625
TOTAL	THS_T	SE125	14232	7776	8129	8479	11955	8108	6573	11631
TOTAL	THS_T	SE211	23792	19253	16932	15603	22667	18152	14720	20707
TOTAL	THS_T	SE212	12794	11867	10935	8249	6111	7938	10050	15529
TOTAL	THS_T	SE213	16984	14674	10730	9127	14624	10603	14712	10479
TOTAL	THS_T	SE214	2921	4090	774	3416	3228	1658	2051	1460
TOTAL	THS_T	SE221	5486	5732	4792	2797	8933	6371	5723	5439
TOTAL	THS_T	SE224	50868	48612	32623	34576	36737	36267	36780	45638
TOTAL	THS_T	SE231	18041	12898	11527	11799	12505	11609	12443	11327
TOTAL	THS_T	SE232	61400	64026	40827	48125	46847	48149	47246	58022
TOTAL	THS_T	SE311	17266	17142	9451	9041	10989	13230	11073	17530
TOTAL	THS_T	SE312	14342	16442	12302	12988	17451	13997	12458	16757
TOTAL	THS_T	SE313	14414	16101	11144	12204	12171	9060	13838	18836
TOTAL	THS_T	SE321	15259	13743	15029	11941	10986	11870	22913	17600
TOTAL	THS_T	SE322	8681	6739	4910	6933	6071	9920	8100	8127
TOTAL	THS_T	SE331	21760	9892	8459	13011	16345	15584	16231	16683
TOTAL	THS_T	SE332	18040	16513	12500	14002	9783	12436	14810	9971
TOTAL	THS_T	SI011	:	2854	2910	1683	2954	3391	2255	4770
TOTAL	THS_T	SI012	:	8725	5310	5560	6905	7257	9338	12977
TOTAL	THS_T	SI013	:	1786	1912	1470	1780	1482	1850	1418
TOTAL	THS_T	SI014	:	5478	5426	4630	6501	6545	6120	8157
TOTAL	THS_T	SI015	:	597	1023	938	851	1453	1218	1294
TOTAL	THS_T	SI016	:	2714	1384	2099	2161	2563	2420	4076
TOTAL	THS_T	SI017	:	2901	3318	3181	3787	5168	4497	4334
TOTAL	THS_T	SI018	:	2205	1926	943	1946	1425	1378	1424
TOTAL	THS_T	SI021	:	11516	9968	11327	13347	16780	14102	16094
TOTAL	THS_T	SI022	:	5044	3590	3400	3599	4029	4525	5542
TOTAL	THS_T	SI023	:	2367	2373	2481	3639	3196	2888	3253
TOTAL	THS_T	SI024	:	4507	3468	3130	5502	6445	6425	7432
TOTAL	THS_T	SI031	2064	:	:	:	:	:	:	:
TOTAL	THS_T	SI032	6013	:	:	:	:	:	:	:
TOTAL	THS_T	SI033	911	:	:	:	:	:	:	:
TOTAL	THS_T	SI034	4897	:	:	:	:	:	:	:
TOTAL	THS_T	SI035	1193	:	:	:	:	:	:	:
TOTAL	THS_T	SI036	1712	:	:	:	:	:	:	:
TOTAL	THS_T	SI037	3033	:	:	:	:	:	:	:
TOTAL	THS_T	SI038	1875	:	:	:	:	:	:	:
TOTAL	THS_T	SI041	11404	:	:	:	:	:	:	:
TOTAL	THS_T	SI042	4148	:	:	:	:	:	:	:
TOTAL	THS_T	SI043	2819	:	:	:	:	:	:	:
TOTAL	THS_T	SI044	3454	:	:	:	:	:	:	:
TOTAL	THS_T	SK010	11579	10752	9186	8746	10167	11705	18844	21036
TOTAL	THS_T	SK021	13328	13529	14652	13515	13224	16681	19977	21188
TOTAL	THS_T	SK022	12737	14276	12753	12528	13481	14526	17423	27109
TOTAL	THS_T	SK023	12644	11971	10701	11610	15332	19029	14391	17368
TOTAL	THS_T	SK031	14913	13134	10563	14993	10325	13855	16287	26500
TOTAL	THS_T	SK032	11525	12388	10288	8762	10833	10624	13258	14169
TOTAL	THS_T	SK041	11119	13111	11596	10681	12343	13955	18482	21672
TOTAL	THS_T	SK042	12835	11997	12651	13872	13219	11784	14575	19267
TOTAL	THS_T	UKC11	10113	10250	7209	8613	12912	11638	13104	15486
TOTAL	THS_T	UKC12	10734	9389	8139	11841	5822	7770	6092	8214
TOTAL	THS_T	UKC13	1253	2534	2864	3865	1852	2483	1371	1394
TOTAL	THS_T	UKC14	7876	16480	11726	12440	11116	13298	11478	16038
TOTAL	THS_T	UKC21	10950	5948	6475	9046	9611	6961	7798	10667
TOTAL	THS_T	UKC22	16835	10307	13569	14022	13412	11427	13232	13237
TOTAL	THS_T	UKC23	3156	6698	5877	5052	4524	6945	4033	8326
TOTAL	THS_T	UKD11	3474	5691	7933	7546	10384	7857	4657	3559
TOTAL	THS_T	UKD12	15103	18108	13084	18757	15880	18033	14765	18542
TOTAL	THS_T	UKD21	:	:	:	:	14186	15160	17142	16465
TOTAL	THS_T	UKD22	:	:	:	:	30684	28911	27991	34380
TOTAL	THS_T	UKD31	:	27312	27239	30041	26770	25593	24902	38780
TOTAL	THS_T	UKD32	:	23238	20092	23558	20978	21585	21014	27789
TOTAL	THS_T	UKD33	10770	:	:	:	:	:	:	:
TOTAL	THS_T	UKD34	13416	:	:	:	:	:	:	:
TOTAL	THS_T	UKD35	7733	:	:	:	:	:	:	:
TOTAL	THS_T	UKD36	11014	:	:	:	:	:	:	:
TOTAL	THS_T	UKD37	10441	:	:	:	:	:	:	:
TOTAL	THS_T	UKD41	5310	1198	1097	965	1200	2047	1321	6056
TOTAL	THS_T	UKD42	984	568	627	1258	319	739	1113	1909
TOTAL	THS_T	UKD43	:	30403	22953	27961	25717	23964	31563	39451
TOTAL	THS_T	UKD44	12037	:	:	:	:	:	:	:
TOTAL	THS_T	UKD45	10056	:	:	:	:	:	:	:
TOTAL	THS_T	UKD46	5564	:	:	:	:	:	:	:
TOTAL	THS_T	UKD47	10225	:	:	:	:	:	:	:
TOTAL	THS_T	UKD51	:	:	:	:	7987	9198	12762	12756
TOTAL	THS_T	UKD52	:	:	:	:	20066	9792	8380	14758
TOTAL	THS_T	UKD53	:	:	:	:	2877	5844	5247	2661
TOTAL	THS_T	UKD54	:	:	:	:	2684	3244	3810	4521
TOTAL	THS_T	UKD61	5885	7011	5430	7227	:	:	:	:
TOTAL	THS_T	UKD62	11769	11909	10859	11864	:	:	:	:
TOTAL	THS_T	UKD63	16881	17969	14793	10250	:	:	:	:
TOTAL	THS_T	UKD71	21788	14209	17626	28757	:	:	:	:
TOTAL	THS_T	UKD72	11756	13515	13215	11538	:	:	:	:
TOTAL	THS_T	UKD73	5000	2492	2033	3569	:	:	:	:
TOTAL	THS_T	UKD74	3646	5224	3441	3673	:	:	:	:
TOTAL	THS_T	UKE11	11531	10990	11636	11559	13126	10488	8740	11757
TOTAL	THS_T	UKE12	16840	12327	13547	11598	13402	11213	12000	14955
TOTAL	THS_T	UKE13	36917	32421	29954	35907	31293	27676	30745	35574
TOTAL	THS_T	UKE21	3561	1122	2557	2669	2354	3586	3300	4879
TOTAL	THS_T	UKE22	38356	26107	27452	36735	24216	22213	28047	27121
TOTAL	THS_T	UKE31	26260	28703	29772	23897	23714	25907	20128	24915
TOTAL	THS_T	UKE32	8919	8965	8254	6850	10317	7042	5933	13422
TOTAL	THS_T	UKE41	8827	10801	10579	6127	5623	8677	7579	5868
TOTAL	THS_T	UKE42	16028	15843	24258	15560	13490	15386	14548	12913
TOTAL	THS_T	UKE43	:	:	:	:	25548	27282	25210	32661
TOTAL	THS_T	UKE44	11232	8413	12973	12396	:	:	:	:
TOTAL	THS_T	UKE45	20790	19332	16615	16093	:	:	:	:
TOTAL	THS_T	UKF11	4188	2572	2571	4829	2600	3379	6751	4805
TOTAL	THS_T	UKF12	6772	3599	5238	2531	2508	5082	3872	5403
TOTAL	THS_T	UKF13	24107	25915	19498	20448	24438	25238	20294	28846
TOTAL	THS_T	UKF14	7806	8702	6049	5839	3870	6025	5600	7105
TOTAL	THS_T	UKF15	16807	14279	17238	19071	15043	15813	13833	19604
TOTAL	THS_T	UKF16	5060	5039	5311	8469	10865	4738	5072	3915
TOTAL	THS_T	UKF21	6691	5227	9336	6755	8551	9394	8267	7977
TOTAL	THS_T	UKF22	32615	33511	34572	32913	27534	31423	30373	34649
TOTAL	THS_T	UKF23	:	:	:	:	41091	36470	34330	38748
TOTAL	THS_T	UKF24	20276	18904	21041	20562	:	:	:	:
TOTAL	THS_T	UKF25	17195	16065	16047	15988	:	:	:	:
TOTAL	THS_T	UKF30	29686	28575	25523	30448	31674	25624	29911	33179
TOTAL	THS_T	UKG11	6055	6704	4694	5925	7686	5439	9135	8430
TOTAL	THS_T	UKG12	16506	11634	12768	14394	13560	14547	16767	12500
TOTAL	THS_T	UKG13	24823	28665	28905	26042	23764	24312	17323	22952
TOTAL	THS_T	UKG21	6170	4718	4560	4708	4729	4865	3670	5595
TOTAL	THS_T	UKG22	9647	11718	10607	10642	8192	6964	12822	11045
TOTAL	THS_T	UKG23	8648	6726	7869	4573	5579	6456	7350	10231
TOTAL	THS_T	UKG24	41131	33720	30819	28689	27692	28549	27991	28702
TOTAL	THS_T	UKG31	21441	11890	13407	13658	14815	15832	20703	28358
TOTAL	THS_T	UKG32	3397	2531	2968	4851	3462	4013	2661	3098
TOTAL	THS_T	UKG33	6750	6415	10819	7782	8058	7765	4962	6434
TOTAL	THS_T	UKG34	:	:	:	:	16263	12876	11984	12728
TOTAL	THS_T	UKG35	:	:	:	:	10040	13133	11953	14134
TOTAL	THS_T	UKG36	3041	4256	5350	4440	:	:	:	:
TOTAL	THS_T	UKG37	8934	6975	6273	10083	:	:	:	:
TOTAL	THS_T	UKG38	7884	4247	7121	5939	:	:	:	:
TOTAL	THS_T	UKG39	5635	4079	4822	6271	:	:	:	:
TOTAL	THS_T	UKH11	6589	9191	4114	7895	7587	7051	6724	7802
TOTAL	THS_T	UKH12	21135	19603	23224	29514	19637	19850	24654	28591
TOTAL	THS_T	UKH13	:	24680	19685	23851	36371	24312	24680	30356
TOTAL	THS_T	UKH14	28716	26571	30457	34640	34249	32343	27553	38091
TOTAL	THS_T	UKH15	7769	:	:	:	:	:	:	:
TOTAL	THS_T	UKH16	6647	:	:	:	:	:	:	:
TOTAL	THS_T	UKH17	11246	:	:	:	:	:	:	:
TOTAL	THS_T	UKH21	1487	1739	979	1449	2111	1904	3353	1938
TOTAL	THS_T	UKH22	:	:	:	:	10328	11438	8232	12219
TOTAL	THS_T	UKH23	24575	18448	18396	25393	20661	26295	23007	19705
TOTAL	THS_T	UKH24	3541	3480	2007	5245	:	:	:	:
TOTAL	THS_T	UKH25	10312	6357	4740	10653	:	:	:	:
TOTAL	THS_T	UKH31	502	1685	1153	429	579	923	773	850
TOTAL	THS_T	UKH32	28267	21396	26207	22837	37836	34585	23380	34383
TOTAL	THS_T	UKH33	:	22073	32011	28635	27515	29830	23497	27072
TOTAL	THS_T	UKH34	7509	:	:	:	:	:	:	:
TOTAL	THS_T	UKH35	6686	:	:	:	:	:	:	:
TOTAL	THS_T	UKH36	5864	:	:	:	:	:	:	:
TOTAL	THS_T	UKH37	5579	:	:	:	:	:	:	:
TOTAL	THS_T	UKI11	:	9913	9595	9949	7232	5389	5495	6504
TOTAL	THS_T	UKI12	:	13908	13868	10968	16185	13224	14659	17865
TOTAL	THS_T	UKI21	:	30174	34654	29920	30841	32340	21947	31861
TOTAL	THS_T	UKI22	:	8868	8862	8050	9448	6472	6398	6765
TOTAL	THS_T	UKI23	:	24713	23314	27816	25571	19459	18920	25007
TOTAL	THS_T	UKI31	4142	:	:	:	:	:	:	:
TOTAL	THS_T	UKI32	1243	:	:	:	:	:	:	:
TOTAL	THS_T	UKI33	3774	:	:	:	:	:	:	:
TOTAL	THS_T	UKI34	2234	:	:	:	:	:	:	:
TOTAL	THS_T	UKI41	7161	:	:	:	:	:	:	:
TOTAL	THS_T	UKI42	2699	:	:	:	:	:	:	:
TOTAL	THS_T	UKI43	5465	:	:	:	:	:	:	:
TOTAL	THS_T	UKI44	2228	:	:	:	:	:	:	:
TOTAL	THS_T	UKI45	498	:	:	:	:	:	:	:
TOTAL	THS_T	UKI51	15969	:	:	:	:	:	:	:
TOTAL	THS_T	UKI52	10425	:	:	:	:	:	:	:
TOTAL	THS_T	UKI53	4902	:	:	:	:	:	:	:
TOTAL	THS_T	UKI54	7812	:	:	:	:	:	:	:
TOTAL	THS_T	UKI61	1524	:	:	:	:	:	:	:
TOTAL	THS_T	UKI62	3523	:	:	:	:	:	:	:
TOTAL	THS_T	UKI63	4255	:	:	:	:	:	:	:
TOTAL	THS_T	UKI71	1440	:	:	:	:	:	:	:
TOTAL	THS_T	UKI72	2913	:	:	:	:	:	:	:
TOTAL	THS_T	UKI73	4409	:	:	:	:	:	:	:
TOTAL	THS_T	UKI74	7665	:	:	:	:	:	:	:
TOTAL	THS_T	UKI75	4832	:	:	:	:	:	:	:
TOTAL	THS_T	UKJ11	18285	17421	15518	13852	19217	14969	13673	16478
TOTAL	THS_T	UKJ12	6983	5416	5715	9096	5160	8552	5419	8881
TOTAL	THS_T	UKJ13	6073	5589	5936	6441	4158	5585	5481	4756
TOTAL	THS_T	UKJ14	21296	16328	17186	14388	17927	13332	13015	13192
TOTAL	THS_T	UKJ21	642	3363	743	1026	1765	1664	867	606
TOTAL	THS_T	UKJ22	5205	4466	4966	3399	3620	4278	5280	6846
TOTAL	THS_T	UKJ23	:	14049	13415	21688	16277	10820	12348	16754
TOTAL	THS_T	UKJ24	:	15425	13236	12677	12877	9463	8680	15185
TOTAL	THS_T	UKJ25	11183	:	:	:	:	:	:	:
TOTAL	THS_T	UKJ26	2583	:	:	:	:	:	:	:
TOTAL	THS_T	UKJ27	4246	:	:	:	:	:	:	:
TOTAL	THS_T	UKJ28	7997	:	:	:	:	:	:	:
TOTAL	THS_T	UKJ31	3694	3392	3183	5024	7042	3315	2191	3771
TOTAL	THS_T	UKJ32	8794	9536	7970	7847	6612	12639	8141	13721
TOTAL	THS_T	UKJ33	:	21893	16011	29101	20811	26317	21053	27737
TOTAL	THS_T	UKJ34	439	1663	1410	1205	1033	953	411	1706
TOTAL	THS_T	UKJ35	4988	:	:	:	:	:	:	:
TOTAL	THS_T	UKJ36	11170	:	:	:	:	:	:	:
TOTAL	THS_T	UKJ37	6621	:	:	:	:	:	:	:
TOTAL	THS_T	UKJ41	7817	5168	7662	5483	4100	5358	5054	7744
TOTAL	THS_T	UKJ42	:	32016	37573	34334	38587	37132	34666	44504
TOTAL	THS_T	UKJ43	15702	:	:	:	:	:	:	:
TOTAL	THS_T	UKJ44	6310	:	:	:	:	:	:	:
TOTAL	THS_T	UKJ45	9701	:	:	:	:	:	:	:
TOTAL	THS_T	UKJ46	11978	:	:	:	:	:	:	:
TOTAL	THS_T	UKK11	17801	13986	16019	22263	22397	18099	17663	17990
TOTAL	THS_T	UKK12	12585	10865	9981	11610	10382	12541	17278	16295
TOTAL	THS_T	UKK13	17856	14529	12013	12436	15564	13004	14329	17509
TOTAL	THS_T	UKK14	6407	4190	5843	4645	5021	6935	5160	7184
TOTAL	THS_T	UKK15	12309	12820	7691	11744	12812	9375	8270	7369
TOTAL	THS_T	UKK21	4484	2476	2469	3751	7498	5181	2364	1940
TOTAL	THS_T	UKK22	6853	6620	6237	6858	8350	8906	5008	8073
TOTAL	THS_T	UKK23	23945	17679	17041	23781	20866	22426	17390	21380
TOTAL	THS_T	UKK30	10615	14945	13425	10742	16413	10153	9788	12437
TOTAL	THS_T	UKK41	6744	4864	3238	3573	5152	3495	3982	5016
TOTAL	THS_T	UKK42	1027	303	459	759	485	1049	696	1154
TOTAL	THS_T	UKK43	18417	21176	19064	21422	22182	17027	16730	19542
TOTAL	THS_T	UKL11	1210	1431	1433	879	718	822	1371	1538
TOTAL	THS_T	UKL12	2546	1845	1631	1551	5591	2423	1957	2679
TOTAL	THS_T	UKL13	2892	2279	3671	1807	2368	2766	2057	5812
TOTAL	THS_T	UKL14	11832	9798	9576	14490	7027	10789	9012	13488
TOTAL	THS_T	UKL15	4952	7169	7463	4568	6122	3169	4029	5998
TOTAL	THS_T	UKL16	2332	2939	2770	3456	3390	4088	4561	5085
TOTAL	THS_T	UKL17	5517	4708	6771	6213	6427	9353	7098	6481
TOTAL	THS_T	UKL18	2284	3360	3325	1672	2912	2650	3813	4327
TOTAL	THS_T	UKL21	6404	4973	8609	11982	8795	10075	8157	14465
TOTAL	THS_T	UKL22	9732	8012	5953	9073	10108	6725	9586	12328
TOTAL	THS_T	UKL23	14197	9600	10929	15218	8925	14080	11229	13714
TOTAL	THS_T	UKL24	5077	5721	2600	4718	6444	4236	4605	4036
TOTAL	THS_T	UKM21	5588	4621	3961	7441	5486	4489	6979	6840
TOTAL	THS_T	UKM22	9540	5575	8404	11189	13786	6313	9528	12599
TOTAL	THS_T	UKM23	2568	4266	3700	4270	5690	3169	5200	5695
TOTAL	THS_T	UKM24	3657	5843	3216	2016	1788	1679	2247	4508
TOTAL	THS_T	UKM25	3579	6650	4402	4712	3151	2535	3788	5098
TOTAL	THS_T	UKM26	8501	7616	10170	11365	7911	10407	11607	15952
TOTAL	THS_T	UKM27	7708	7877	5932	7209	7561	4914	6563	7641
TOTAL	THS_T	UKM28	5667	7230	6826	6401	10749	5851	7416	6211
TOTAL	THS_T	UKM31	3637	1642	1447	2160	2294	5444	3068	1831
TOTAL	THS_T	UKM32	7402	7589	10879	7031	6200	7833	5067	5523
TOTAL	THS_T	UKM33	4747	4691	4391	6603	7776	5764	5172	5573
TOTAL	THS_T	UKM34	14315	8308	6895	8122	10146	7435	7588	11131
TOTAL	THS_T	UKM35	4681	5786	4355	3097	4206	4216	3017	4702
TOTAL	THS_T	UKM36	16194	14742	12387	13112	17761	14596	13756	15105
TOTAL	THS_T	UKM37	2496	2551	3254	3239	2602	4641	4281	3887
TOTAL	THS_T	UKM38	8651	7322	6474	12469	8000	9564	8687	16141
TOTAL	THS_T	UKM50	21752	13838	12009	15647	12745	11334	17222	12084
TOTAL	THS_T	UKM61	3533	3559	2386	4376	2256	1873	1477	3363
TOTAL	THS_T	UKM62	8278	6308	12384	8496	5483	7945	6772	6320
TOTAL	THS_T	UKM63	4532	5917	6118	2646	1168	5232	3991	6299
TOTAL	THS_T	UKM64	583	572	1184	2201	1706	1041	142	596
TOTAL	THS_T	UKM65	688	60	74	502	87	100	600	699
TOTAL	THS_T	UKM66	774	626	611	1533	1049	1220	441	338
TOTAL	THS_T	UKN01	8743	8581	10286	12737	9803	11936	9400	14660
TOTAL	THS_T	UKN02	6971	4523	7227	8132	7728	7112	7016	11932
TOTAL	THS_T	UKN03	16458	14272	14962	16924	14642	14196	17637	18678
TOTAL	THS_T	UKN04	5094	4991	5132	8383	7032	5465	8006	7599
TOTAL	THS_T	UKN05	14210	15886	18494	14080	14658	14846	16939	20124
